folder,notebook,variant,domain,model,step,condition,source_folder,source_path,outputs_declared,outputs_found_in_SPIN_main,outputs_missing,metrics,n_metrics
iter/Gemma-2-2B,step1_control.ipynb,iter,general,Gemma-2-2B,1,control,SPIN-main,SPIN-main/Iter-SPIN/Gemma-2-2B/iter-spin-step-1-control-gemma-2b.ipynb,coupled_control_global_gemma-2-2b-it_n*.json; coupled_control_percat_gemma-2-2b-it_n*.json,coupled_control_global_gemma-2-2b-it_n*.json (4 file(s)); coupled_control_percat_gemma-2-2b-it_n*.json (4 file(s)),,coupled-set identification,1
iter/Gemma-2-2B,step1.ipynb,iter,general,Gemma-2-2B,1,main,SPIN-main,SPIN-main/Iter-SPIN/Gemma-2-2B/iter-spin-step-1-gemma-2b.ipynb,coupled_iter_gemma-2-2b-it_n*.json; iter_summary_gemma-2-2b-it.json,coupled_iter_gemma-2-2b-it_n*.json (5 file(s)); iter_summary_gemma-2-2b-it.json,,coupled-set identification; coupling-set sizes,2
iter/Gemma-2-2B,step2.ipynb,iter,general,Gemma-2-2B,2,main,SPIN-main,SPIN-main/Iter-SPIN/Gemma-2-2B/iter-spin-step-2-gemma-2b.ipynb,metrics_batch_gemma-2-2b-it.json,metrics_batch_gemma-2-2b-it.json,,raw HSIC; per-layer HSIC; WikiText-2 perplexity; MMLU accuracy; bootstrap 95% CI,5
iter/Gemma-2-2B,step3.ipynb,iter,general,Gemma-2-2B,3,main,SPIN-main,SPIN-main/Iter-SPIN/Gemma-2-2B/iter-spin-step-3-gemma-2b-123.ipynb,answers_baseline_gemma-2-2b-it_*.csv,answers_baseline_gemma-2-2b-it_*.csv (2 file(s)),,answer generation,1
iter/Gemma-2-2B,step4.ipynb,iter,general,Gemma-2-2B,4,main,Kaggle_Notebooks,Kaggle_Notebooks/Iter-Gemma 2B/iterspin-step-4-gemma-2b-n1-2.ipynb,base_labels_gemma-2-2b-it.json; labels_gemma-2-2b-it_*_n*_*.csv,base_labels_gemma-2-2b-it.json; labels_gemma-2-2b-it_*_n*_*.csv (26 file(s)),,MD-Judge safe-rate; McNemar test,2
iter/Llama-3.2-3B,step1_control.ipynb,iter,general,Llama-3.2-3B,1,control,SPIN-main,SPIN-main/Iter-SPIN/Llama-3.2-3B/iter-spin-step-1-control-llama-3b.ipynb,coupled_control_global_Llama-3.2-3B-Instruct_n*.json; coupled_control_percat_Llama-3.2-3B-Instruct_n*.json,coupled_control_global_Llama-3.2-3B-Instruct_n*.json (4 file(s)); coupled_control_percat_Llama-3.2-3B-Instruct_n*.json (4 file(s)),,coupled-set identification,1
iter/Llama-3.2-3B,step1.ipynb,iter,general,Llama-3.2-3B,1,main,SPIN-main,SPIN-main/Iter-SPIN/Llama-3.2-3B/iter-spin-step-1-llama-3b.ipynb,coupled_iter_Llama-3.2-3B-Instruct_n*.json; iter_summary_Llama-3.2-3B-Instruct.json,coupled_iter_Llama-3.2-3B-Instruct_n*.json (5 file(s)); iter_summary_Llama-3.2-3B-Instruct.json,,coupled-set identification; coupling-set sizes,2
iter/Llama-3.2-3B,step2.ipynb,iter,general,Llama-3.2-3B,2,main,SPIN-main,SPIN-main/Iter-SPIN/Llama-3.2-3B/iter-spin-step-2-llama-3b.ipynb,metrics_batch_Llama-3.2-3B-Instruct.json,metrics_batch_Llama-3.2-3B-Instruct.json,,raw HSIC; per-layer HSIC; WikiText-2 perplexity; MMLU accuracy; bootstrap 95% CI,5
iter/Llama-3.2-3B,step3.ipynb,iter,general,Llama-3.2-3B,3,main,SPIN-main,SPIN-main/Iter-SPIN/Llama-3.2-3B/iter-spin-step-3-llama-3b.ipynb,answers_baseline_Llama-3.2-3B-Instruct_*.csv,answers_baseline_Llama-3.2-3B-Instruct_*.csv (2 file(s)),,answer generation,1
iter/Llama-3.2-3B,step4.ipynb,iter,general,Llama-3.2-3B,4,main,Kaggle_Notebooks,Kaggle_Notebooks/Iter-Llama 3B/iterspin-step-4-llama-3b.ipynb,base_labels_Llama-3.2-3B-Instruct.json; labels_Llama-3.2-3B-Instruct_*_n*_*.csv,base_labels_Llama-3.2-3B-Instruct.json; labels_Llama-3.2-3B-Instruct_*_n*_*.csv (26 file(s)),,MD-Judge safe-rate; McNemar test,2
iter/Qwen2-7B,step1_control.ipynb,iter,general,Qwen2-7B,1,control,SPIN-main,SPIN-main/Iter-SPIN/Qwen2-7B/iter-spin-step-1-control.ipynb,coupled_control_global_Qwen2-7B-Instruct_n*.json; coupled_control_percat_Qwen2-7B-Instruct_n*.json,coupled_control_global_Qwen2-7B-Instruct_n*.json (4 file(s)); coupled_control_percat_Qwen2-7B-Instruct_n*.json (4 file(s)),,coupled-set identification,1
iter/Qwen2-7B,step1.ipynb,iter,general,Qwen2-7B,1,main,Kaggle_Notebooks,Kaggle_Notebooks/Iter-Spin Work/iter-spin-step-1-7b-qwen.ipynb,coupled_iter_Qwen2-7B-Instruct_n*.json; iter_summary_Qwen2-7B-Instruct.json,coupled_iter_Qwen2-7B-Instruct_n*.json (5 file(s)); iter_summary_Qwen2-7B-Instruct.json,,coupled-set identification; coupling-set sizes,2
iter/Qwen2-7B,step2.ipynb,iter,general,Qwen2-7B,2,main,SPIN-main,SPIN-main/Iter-SPIN/Qwen2-7B/iter-spin-step-2.ipynb,metrics_batch_Qwen2-7B-Instruct.json,metrics_batch_Qwen2-7B-Instruct.json,,raw HSIC; per-layer HSIC; WikiText-2 perplexity; MMLU accuracy; bootstrap 95% CI,5
iter/Qwen2-7B,step2_mmlu.ipynb,iter,general,Qwen2-7B,2,mmlu,Kaggle_Notebooks,Kaggle_Notebooks/Iter-Spin Work/iter-spin-step-2-benchmark-included.ipynb,metrics_batch_Qwen2-7B-Instruct.json,metrics_batch_Qwen2-7B-Instruct.json,,raw HSIC; per-layer HSIC; WikiText-2 perplexity; MMLU accuracy; bootstrap 95% CI,5
iter/Qwen2-7B,step3.ipynb,iter,general,Qwen2-7B,3,main,SPIN-main,SPIN-main/Iter-SPIN/Qwen2-7B/iter-spin-step-3.ipynb,answers_baseline_Qwen2-7B-Instruct_*.csv,answers_baseline_Qwen2-7B-Instruct_*.csv (2 file(s)),,answer generation,1
iter/Qwen2-7B,step4.ipynb,iter,general,Qwen2-7B,4,main,SPIN-main,SPIN-main/Iter-SPIN/Qwen2-7B/iter-spin-step-4.ipynb,judge_batch_Qwen2-7B-Instruct.json; labels_Qwen2-7B-Instruct_*_n*_*.csv,judge_batch_Qwen2-7B-Instruct.json; labels_Qwen2-7B-Instruct_*_n*_*.csv (24 file(s)),,MD-Judge safe-rate; McNemar test,2
iter/Qwen2.5-3B,step1_control.ipynb,iter,general,Qwen2.5-3B,1,control,SPIN-main,SPIN-main/Iter-SPIN/Qwen2.5-3B/iter-spin-step-1-control-qwen-3b.ipynb,coupled_control_global_Qwen2.5-3B-Instruct_n*.json; coupled_control_percat_Qwen2.5-3B-Instruct_n*.json,coupled_control_global_Qwen2.5-3B-Instruct_n*.json (4 file(s)); coupled_control_percat_Qwen2.5-3B-Instruct_n*.json (4 file(s)),,coupled-set identification,1
iter/Qwen2.5-3B,step1.ipynb,iter,general,Qwen2.5-3B,1,main,SPIN-main,SPIN-main/Iter-SPIN/Qwen2.5-3B/iter-spin-step-1-qwen-3b.ipynb,coupled_iter_Qwen2.5-3B-Instruct_n*.json; iter_summary_Qwen2.5-3B-Instruct.json,coupled_iter_Qwen2.5-3B-Instruct_n*.json (5 file(s)); iter_summary_Qwen2.5-3B-Instruct.json,,coupled-set identification; coupling-set sizes,2
iter/Qwen2.5-3B,step2.ipynb,iter,general,Qwen2.5-3B,2,main,SPIN-main,SPIN-main/Iter-SPIN/Qwen2.5-3B/iter-spin-step-2-qwen-3b.ipynb,metrics_batch_Qwen2.5-3B-Instruct.json,metrics_batch_Qwen2.5-3B-Instruct.json,,raw HSIC; per-layer HSIC; WikiText-2 perplexity; MMLU accuracy; bootstrap 95% CI,5
iter/Qwen2.5-3B,step3.ipynb,iter,general,Qwen2.5-3B,3,main,SPIN-main,SPIN-main/Iter-SPIN/Qwen2.5-3B/iter-spin-step-3-qwen-3b.ipynb,answers_baseline_Qwen2.5-3B-Instruct_*.csv,answers_baseline_Qwen2.5-3B-Instruct_*.csv (2 file(s)),,answer generation,1
iter/Qwen2.5-3B,step4.ipynb,iter,general,Qwen2.5-3B,4,main,Kaggle_Notebooks,Kaggle_Notebooks/Iter-Qwen 3B/iterspin-step-4-qwen-3b.ipynb,base_labels_Qwen2.5-3B-Instruct.json; labels_Qwen2.5-3B-Instruct_*_n*_*.csv,base_labels_Qwen2.5-3B-Instruct.json; labels_Qwen2.5-3B-Instruct_*_n*_*.csv (26 file(s)),,MD-Judge safe-rate; McNemar test,2
iter-healthcare/Qwen2-7B,step1.ipynb,iter,healthcare,Qwen2-7B,1,main,SPIN-main,SPIN-main/healthcare testing/iterSPIN/SPIN_iter_health_step1.ipynb,coupled_iter_health_n*.json; iter_summary_health.json,coupled_iter_health_n*.json (5 file(s)); iter_summary_health.json,,coupled-set identification; coupling-set sizes,2
iter-healthcare/Qwen2-7B,step2.ipynb,iter,healthcare,Qwen2-7B,2,main,SPIN-main,SPIN-main/healthcare testing/iterSPIN/SPIN_iter_health_step2.ipynb,metrics_iter_health.json,metrics_iter_health.json,,raw HSIC; per-layer HSIC; normalised HSIC (nHSIC); linear CKA; representation norms; WikiText-2 perplexity; MMLU accuracy; bootstrap 95% CI,8
iter-healthcare/Qwen2-7B,step3.ipynb,iter,healthcare,Qwen2-7B,3,main,Kaggle_Notebooks,Kaggle_Notebooks/Iter-health/iter-health-step-3-n1-2.ipynb,answers_baseline_health_*.csv; answers_health_*_n*_fairness.csv; answers_health_*_n*_privacy.csv; results_health_iter_step3.json,answers_baseline_health_*.csv (2 file(s)); answers_health_*_n*_fairness.csv (5 file(s)); answers_health_*_n*_privacy.csv (5 file(s)),results_health_iter_step3.json,answer generation; MD-Judge safe-rate,2
iter-healthcare/Qwen2-7B,step4.ipynb,iter,healthcare,Qwen2-7B,4,main,Kaggle_Notebooks,Kaggle_Notebooks/Iter-health/iter-health-step-4-n12.ipynb,base_labels_health_*.json; judge_summary_health_*.json; judge_summary_health_iter_ALL.json; labels_health_*_fairness.csv; labels_health_*_privacy.csv,base_labels_health_*.json (2 file(s)); judge_summary_health_*.json (14 file(s)); judge_summary_health_iter_ALL.json; labels_health_*_fairness.csv (12 file(s)); labels_health_*_privacy.csv (12 file(s)),,MD-Judge safe-rate; McNemar test,2
soft/Gemma-2-2B,step1.ipynb,soft,general,Gemma-2-2B,1,main,SPIN-main,SPIN-main/Soft-SPIN/Gemma-2-2B/softspin-step-1-gemma-2b.ipynb,,,,coupled-set identification,1
soft/Gemma-2-2B,step2.ipynb,soft,general,Gemma-2-2B,2,main,Kaggle_Notebooks,Kaggle_Notebooks/Soft-Gemma 2B/softspin-step-2-gemma-2b.ipynb,,,,raw HSIC; per-layer HSIC; normalised HSIC (nHSIC); linear CKA; representation norms; WikiText-2 perplexity; MMLU accuracy; bootstrap 95% CI,8
soft/Gemma-2-2B,step3.ipynb,soft,general,Gemma-2-2B,3,main,SPIN-main,SPIN-main/Soft-SPIN/Gemma-2-2B/softspin-step-3-gemma-2b.ipynb,answers_*_a*_fairness.csv; answers_*_a*_privacy.csv; results_soft_gen_*.json,answers_*_a*_fairness.csv (36 file(s)); answers_*_a*_privacy.csv (36 file(s)); results_soft_gen_*.json (4 file(s)),,answer generation; MD-Judge safe-rate,2
soft/Gemma-2-2B,step4.ipynb,soft,general,Gemma-2-2B,4,main,SPIN-main,SPIN-main/Soft-SPIN/Gemma-2-2B/softspin-step-4-gemma-2b.ipynb,metrics_judge_soft_*.json,metrics_judge_soft_*.json (4 file(s)),,MD-Judge safe-rate; McNemar test,2
soft/Llama-3.2-3B,step1.ipynb,soft,general,Llama-3.2-3B,1,main,SPIN-main,SPIN-main/Soft-SPIN/Llama-3.2-3B/softspin-step-1-llama-3b.ipynb,,,,coupled-set identification,1
soft/Llama-3.2-3B,step2.ipynb,soft,general,Llama-3.2-3B,2,main,Kaggle_Notebooks,Kaggle_Notebooks/Soft-Llama 3B/softspin-step-2-llama-3b.ipynb,,,,raw HSIC; per-layer HSIC; normalised HSIC (nHSIC); linear CKA; representation norms; WikiText-2 perplexity; MMLU accuracy; bootstrap 95% CI,8
soft/Llama-3.2-3B,step3.ipynb,soft,general,Llama-3.2-3B,3,main,SPIN-main,SPIN-main/Soft-SPIN/Llama-3.2-3B/softspin-step-3-llama-3b.ipynb,answers_*_a*_fairness.csv; answers_*_a*_privacy.csv; results_soft_gen_*.json,answers_*_a*_fairness.csv (36 file(s)); answers_*_a*_privacy.csv (36 file(s)); results_soft_gen_*.json (4 file(s)),,answer generation; MD-Judge safe-rate,2
soft/Llama-3.2-3B,step4.ipynb,soft,general,Llama-3.2-3B,4,main,SPIN-main,SPIN-main/Soft-SPIN/Llama-3.2-3B/softspin-step-4-llama-3b.ipynb,metrics_judge_soft_*.json,metrics_judge_soft_*.json (4 file(s)),,MD-Judge safe-rate; McNemar test,2
soft/Qwen2-7B,step1.ipynb,soft,general,Qwen2-7B,1,main,SPIN-main,SPIN-main/Soft-SPIN/Qwen2-7B/softspin-step-1-qwen-7b.ipynb,,,,coupled-set identification,1
soft/Qwen2-7B,step2.ipynb,soft,general,Qwen2-7B,2,main,Kaggle_Notebooks,Kaggle_Notebooks/Soft-Qwen 7B/softspin-step-2-qwen-7b.ipynb,,,,raw HSIC; per-layer HSIC; normalised HSIC (nHSIC); linear CKA; representation norms; WikiText-2 perplexity; MMLU accuracy; bootstrap 95% CI,8
soft/Qwen2-7B,step3.ipynb,soft,general,Qwen2-7B,3,main,SPIN-main,SPIN-main/Soft-SPIN/Qwen2-7B/softspin-step-3-qwen-7b.ipynb,answers_*_a*_fairness.csv; answers_*_a*_privacy.csv; results_soft_gen_*.json,answers_*_a*_fairness.csv (36 file(s)); answers_*_a*_privacy.csv (36 file(s)); results_soft_gen_*.json (4 file(s)),,answer generation; MD-Judge safe-rate,2
soft/Qwen2-7B,step4.ipynb,soft,general,Qwen2-7B,4,main,Kaggle_Notebooks,Kaggle_Notebooks/Soft-Qwen 7B/softspin-step-4-qwen-7b.ipynb,metrics_judge_soft_*.json,metrics_judge_soft_*.json (4 file(s)),,MD-Judge safe-rate; McNemar test,2
soft/Qwen2.5-3B,step1.ipynb,soft,general,Qwen2.5-3B,1,main,Kaggle_Notebooks,Kaggle_Notebooks/Soft-Qwen 3B/softspin-step-1-qwen-3b.ipynb,,,,coupled-set identification,1
soft/Qwen2.5-3B,step2.ipynb,soft,general,Qwen2.5-3B,2,main,SPIN-main,SPIN-main/Soft-SPIN/Qwen2.5-3B/softspin-step-2-qwen-3b.ipynb,,,,raw HSIC; per-layer HSIC; normalised HSIC (nHSIC); linear CKA; representation norms; WikiText-2 perplexity; MMLU accuracy; bootstrap 95% CI,8
soft/Qwen2.5-3B,step3.ipynb,soft,general,Qwen2.5-3B,3,main,SPIN-main,SPIN-main/Soft-SPIN/Qwen2.5-3B/softspin-step-3-qwen-3b.ipynb,answers_*_a*_fairness.csv; answers_*_a*_privacy.csv; results_soft_gen_*.json,answers_*_a*_fairness.csv (36 file(s)); answers_*_a*_privacy.csv (36 file(s)); results_soft_gen_*.json (4 file(s)),,answer generation; MD-Judge safe-rate,2
soft/Qwen2.5-3B,step4.ipynb,soft,general,Qwen2.5-3B,4,main,SPIN-main,SPIN-main/Soft-SPIN/Qwen2.5-3B/softspin-step-4-qwen-3b.ipynb,metrics_judge_soft_*.json,metrics_judge_soft_*.json (4 file(s)),,MD-Judge safe-rate; McNemar test,2
soft-healthcare/Qwen2-7B,step1.ipynb,soft,healthcare,Qwen2-7B,1,main,SPIN-main,SPIN-main/healthcare testing/softSPIN/SPIN_soft_health_step1.ipynb,,,,coupled-set identification,1
soft-healthcare/Qwen2-7B,step2.ipynb,soft,healthcare,Qwen2-7B,2,main,SPIN-main,SPIN-main/healthcare testing/softSPIN/SPIN_soft_health_step2.ipynb,metrics_soft_health.json,metrics_soft_health.json,,raw HSIC; per-layer HSIC; normalised HSIC (nHSIC); linear CKA; representation norms; WikiText-2 perplexity; MMLU accuracy; bootstrap 95% CI,8
soft-healthcare/Qwen2-7B,step3.ipynb,soft,healthcare,Qwen2-7B,3,main,SPIN-main,SPIN-main/healthcare testing/softSPIN/SPIN_soft_health_step3.ipynb,answers_baseline_health_*.csv; answers_health_soft_a*_fairness.csv; answers_health_soft_a*_privacy.csv; results_health_soft_step3.json,answers_baseline_health_*.csv (2 file(s)); answers_health_soft_a*_fairness.csv (7 file(s)); answers_health_soft_a*_privacy.csv (7 file(s)); results_health_soft_step3.json,,answer generation; MD-Judge safe-rate,2
soft-healthcare/Qwen2-7B,step4.ipynb,soft,healthcare,Qwen2-7B,4,main,Kaggle_Notebooks,Kaggle_Notebooks/Soft-health/soft-health-step-4-0-0-5.ipynb,base_labels_health_*.json; judge_summary_health_*.json; judge_summary_health_soft_ALL.json; labels_health_*_fairness.csv; labels_health_*_privacy.csv,base_labels_health_*.json (2 file(s)); judge_summary_health_*.json (14 file(s)); judge_summary_health_soft_ALL.json; labels_health_*_fairness.csv (12 file(s)); labels_health_*_privacy.csv (12 file(s)),,MD-Judge safe-rate; McNemar test,2
spin/Qwen2-7B,step1_authorsample.ipynb,spin,general,Qwen2-7B,1,authorsample,SPIN-main,SPIN-main/SPIN Author-Sample Ablation/Qwen2-7B/SPIN_7B_step1_authorsample.ipynb,coupled_indices_authorsample.json; coupling_stats_authorsample.json,coupled_indices_authorsample.json,coupling_stats_authorsample.json,coupled-set identification; coupling-set sizes,2
spin/Qwen2-7B,step1.ipynb,spin,general,Qwen2-7B,1,main,SPIN-main,SPIN-main/Regular SPIN/Qwen2-7B/SPIN_7B_step1_importance.ipynb,coupled_indices.json,coupled_indices.json,,coupled-set identification,1
spin/Qwen2-7B,step2_authorsample.ipynb,spin,general,Qwen2-7B,2,authorsample,SPIN-main,SPIN-main/SPIN Author-Sample Ablation/Qwen2-7B/SPIN_7B_step2_metrics_authorsample.ipynb,metrics_7b_authorsample.json,metrics_7b_authorsample.json,,raw HSIC; per-layer HSIC; WikiText-2 perplexity,3
spin/Qwen2-7B,step2.ipynb,spin,general,Qwen2-7B,2,main,Kaggle_Notebooks,Kaggle_Notebooks/7B Testing/step-2-metric-computation.ipynb,metrics_7b.json,metrics_7b.json,,raw HSIC; WikiText-2 perplexity,2
spin/Qwen2-7B,step3_authorsample.ipynb,spin,general,Qwen2-7B,3,authorsample,SPIN-main,SPIN-main/SPIN Author-Sample Ablation/Qwen2-7B/SPIN_7B_step3_generate_authorsample.ipynb,answers_*_fairness.csv; answers_*_privacy.csv; results_*.json,answers_*_fairness.csv (102 file(s)); answers_*_privacy.csv (102 file(s)); results_*.json (14 file(s)),,answer generation,1
spin/Qwen2-7B,step3.ipynb,spin,general,Qwen2-7B,3,main,SPIN-main,SPIN-main/Regular SPIN/Qwen2-7B/SPIN_7B_step3_generate.ipynb,answers_*_fairness.csv; answers_*_privacy.csv; results_*.json,answers_*_fairness.csv (102 file(s)); answers_*_privacy.csv (102 file(s)); results_*.json (14 file(s)),,answer generation,1
spin/Qwen2-7B,step4_authorsample.ipynb,spin,general,Qwen2-7B,4,authorsample,SPIN-main,SPIN-main/SPIN Author-Sample Ablation/Qwen2-7B/SPIN_7B_step4_judge_authorsample.ipynb,judge_significance.json,judge_significance.json,,MD-Judge safe-rate; McNemar test,2
spin/Qwen2-7B,step4.ipynb,spin,general,Qwen2-7B,4,main,Kaggle_Notebooks,Kaggle_Notebooks/7B Testing/step-4-judge.ipynb,,,,MD-Judge safe-rate,1
spin-healthcare/Qwen2-7B,step1.ipynb,spin,healthcare,Qwen2-7B,1,main,Kaggle_Notebooks,Kaggle_Notebooks/Health 7B/health-step-1.ipynb,cal_fair_health.csv; cal_general_health.csv; cal_priv_health.csv; coupling_stats_health.json,cal_fair_health.csv; cal_general_health.csv; cal_priv_health.csv; coupling_stats_health.json,,coupled-set identification; coupling-set sizes,2
spin-healthcare/Qwen2-7B,step2.ipynb,spin,healthcare,Qwen2-7B,2,main,SPIN-main,SPIN-main/healthcare testing/SPIN_health_step2_metrics.ipynb,coupled_indices_health.json; eval_fair_health.csv; eval_priv_health.csv; metrics_health_step2.json,coupled_indices_health.json; eval_fair_health.csv; eval_priv_health.csv; metrics_health_step2.json,,raw HSIC; per-layer HSIC; normalised HSIC (nHSIC); linear CKA; representation norms; WikiText-2 perplexity; MMLU accuracy; bootstrap 95% CI,8
spin-healthcare/Qwen2-7B,step3.ipynb,spin,healthcare,Qwen2-7B,3,main,SPIN-main,SPIN-main/healthcare testing/SPIN_health_step3_generate.ipynb,answers_health_fairness.csv; answers_health_privacy.csv; results_health_step3.json,answers_health_fairness.csv; answers_health_privacy.csv; results_health_step3.json,,answer generation; MD-Judge safe-rate,2
spin-healthcare/Qwen2-7B,step4.ipynb,spin,healthcare,Qwen2-7B,4,main,Kaggle_Notebooks,Kaggle_Notebooks/Health 7B/health-step-4.ipynb,judge_summary_health.json; labels_health_fairness.csv; labels_health_privacy.csv,judge_summary_health.json; labels_health_fairness.csv; labels_health_privacy.csv,,MD-Judge safe-rate; McNemar test,2
