folder,slug,model_id,verdict,total_seconds,total_hms,compute_end_seconds,nbconvert_overhead_s,n_phases,longest_phase_s,longest_phase_label,n_typed_rounds,max_print_vs_clock_dev_s,executed_nb_written,traceback_in_log,has_done_marker,ipynb_papermill_seconds,log_minus_ipynb_s,fossil_agrees,n_log_entries,log_bytes,log_path
7B Testing,step-1-importance-scoring,Qwen/Qwen2-7B-Instruct,COMPLETE,1245.6,0:20:46,1242.47,3.13,8,162.77,group 2/7 done (163s) | coupled so far 509,7,0.55,yes,no,yes,,,,48,6190,7B Testing/step-1-importance-scoring/step-1-importance-scoring.log
7B Testing,step-2-metric-computation,,COMPLETE,716.53,0:11:57,713.45,3.09,3,236.28,spin: perplexity...,0,,yes,no,yes,,,,59,17436,7B Testing/step-2-metric-computation/step-2-metric-computation.log
7B Testing,step-3-answer-generation,,COMPLETE,6570.29,1:49:30,6566.62,3.67,5,2438.06,baseline generation...,0,,yes,no,yes,,,,53,52251,7B Testing/step-3-answer-generation/step-3-answer-generation.log
7B Testing,step-4-judge,,COMPLETE,6755.75,1:52:36,6752.35,3.4,5,2559.09,fair/spin 16/2165 (19s) fair/spin 32/2165 (38s) fair/spin 48/2165 (57s) fair/spin 64/2165 (75s) fair/spin 80/2165 (94s) ,0,,yes,no,no,,,,48,18985,7B Testing/step-4-judge/step-4-judge.log
Health 7B,health-step-1,Qwen/Qwen2-7B-Instruct,COMPLETE,1520.63,0:25:21,1517.25,3.37,8,200.43,group 1/7 done (200s) | code-coupled so far 96,7,0.49,yes,no,yes,,,,91,13180,Health 7B/health-step-1/health-step-1.log
Health 7B,health-step-2,Qwen/Qwen2-7B-Instruct,COMPLETE,2457.99,0:40:58,2454.3,3.69,6,748.1,scoring suppressed accuracy...,0,,yes,no,yes,,,,254,35656,Health 7B/health-step-2/health-step-2.log
Health 7B,health-step-3,,COMPLETE,4861.94,1:21:02,4858.7,3.24,5,1601.76,baseline generation...,0,,yes,no,yes,,,,52,40100,Health 7B/health-step-3/health-step-3.log
Health 7B,health-step-4,,COMPLETE,4346.35,1:12:26,4343.02,3.33,4,1392.18,SPIN/fairness 16/1416 (16s) SPIN/fairness 32/1416 (30s) SPIN/fairness 48/1416 (46s) SPIN/fairness 64/1416 (63s) SPIN/fai,0,,yes,no,yes,,,,50,16016,Health 7B/health-step-4/health-step-4.log
Iter-Gemma 2B,iter-spin-step-1-control-gemma-2b,google/gemma-2-2b-it,COMPLETE,724.88,0:12:05,721.47,3.42,8,109.92,group 2/7 cached (110s),0,,yes,no,no,,,,83,11942,Iter-Gemma 2B/iter-spin-step-1-control-gemma-2b/iter-spin-step-1-control-gemma-2b.log
Iter-Gemma 2B,iter-spin-step-1-gemma-2b,google/gemma-2-2b-it,COMPLETE,4873.38,1:21:13,4870.17,3.21,11,481.02,round 1/10 done (481s) | new 235 | cumulative 235 | |N_f n N_p| 639 (clean 200) | zeroed 235,10,0.37,yes,no,yes,,,,84,12451,Iter-Gemma 2B/iter-spin-step-1-gemma-2b/iter-spin-step-1-gemma-2b.log
Iter-Gemma 2B,iter-spin-step-2-gemma-2b,google/gemma-2-2b-it,COMPLETE,6276.06,1:44:36,6272.81,3.25,16,438.7,iter n=1 zeroed 235 | HSIC@50 -3.1% | ppl 13.997 | MMLU 0.4310 (-0.3pp),13,,yes,no,yes,111.9,6164.16,NO,144,21778,Iter-Gemma 2B/iter-spin-step-2-gemma-2b/iter-spin-step-2-gemma-2b.log
Iter-Gemma 2B,iter-spin-step-3-gemma-2b-123,google/gemma-2-2b-it,COMPLETE,29009.53,8:03:30,29005.83,3.7,17,2800.52,percat_n2_fairness 4/2165 (5s) percat_n2_fairness 8/2165 (10s) percat_n2_fairness 12/2165 (15s) percat_n2_fairness 16/21,0,,yes,no,yes,30.1,28979.43,NO,79,232043,Iter-Gemma 2B/iter-spin-step-3-gemma-2b-123/iter-spin-step-3-gemma-2b-123.log
Iter-Gemma 2B,iterspin-step-4-gemma-2b-n1-2,,COMPLETE,14378.44,3:59:38,14375.16,3.28,11,2164.67,itern1/fairness 16/2165 (14s) itern1/fairness 32/2165 (29s) itern1/fairness 48/2165 (43s) itern1/fairness 64/2165 (58s) ,0,,yes,no,yes,3356.5,11021.94,NO,58,41162,Iter-Gemma 2B/iterspin-step-4-gemma-2b-n1-2/iterspin-step-4-gemma-2b-n1-2.log
Iter-Llama 3B,iter-spin-step-1-control-llama-3b,meta-llama/Llama-3.2-3B-Instruct,COMPLETE,519.72,0:08:40,516.33,3.39,8,70.8,model loaded | entry cuda:0,0,,yes,no,no,,,,83,12044,Iter-Llama 3B/iter-spin-step-1-control-llama-3b/iter-spin-step-1-control-llama-3b.log
Iter-Llama 3B,iter-spin-step-1-llama-3b,meta-llama/Llama-3.2-3B-Instruct,COMPLETE,5242.11,1:27:22,5238.81,3.31,11,513.53,round 5/10 done (514s) | new 740 | cumulative 3915 | |N_f n N_p| 1214 (clean 352) | zeroed 3915,10,0.66,yes,no,yes,,,,84,12588,Iter-Llama 3B/iter-spin-step-1-llama-3b/iter-spin-step-1-llama-3b.log
Iter-Llama 3B,iter-spin-step-2-llama-3b,meta-llama/Llama-3.2-3B-Instruct,COMPLETE,4810.1,1:20:10,4806.92,3.18,16,332.75,global n=2 zeroed 1662 | HSIC@50 +10.8% | ppl 11.168 | MMLU 0.4190 (+0.5pp),13,,yes,no,yes,111.9,4698.2,NO,147,22371,Iter-Llama 3B/iter-spin-step-2-llama-3b/iter-spin-step-2-llama-3b.log
Iter-Llama 3B,iter-spin-step-3-llama-3b,meta-llama/Llama-3.2-3B-Instruct,COMPLETE,31034.6,8:37:15,31031.34,3.25,29,1722.67,percat_n10_fairness 4/2165 (3s) percat_n10_fairness 8/2165 (6s) percat_n10_fairness 12/2165 (9s) percat_n10_fairness 16/,0,,yes,no,yes,30.1,31004.5,NO,118,404872,Iter-Llama 3B/iter-spin-step-3-llama-3b/iter-spin-step-3-llama-3b.log
Iter-Llama 3B,iterspin-step-4-llama-3b,,COMPLETE,15904.1,4:25:04,15900.89,3.22,11,2458.72,BASE/fairness 16/2165 (18s) BASE/fairness 32/2165 (35s) BASE/fairness 48/2165 (51s) BASE/fairness 64/2165 (68s) BASE/fai,0,,yes,no,yes,3356.5,12547.6,NO,58,41214,Iter-Llama 3B/iterspin-step-4-llama-3b/iterspin-step-4-llama-3b.log
Iter-Qwen 3B,iter-spin-step-1-control-qwen-3b,Qwen/Qwen2.5-3B-Instruct,COMPLETE,598.5,0:09:59,595.41,3.1,10,65.28,group 1/9 cached (65s),0,,yes,no,no,,,,85,12191,Iter-Qwen 3B/iter-spin-step-1-control-qwen-3b/iter-spin-step-1-control-qwen-3b.log
Iter-Qwen 3B,iter-spin-step-1-qwen-3b,Qwen/Qwen2.5-3B-Instruct,COMPLETE,7167.94,1:59:28,7164.26,3.68,11,710.41,round 1/10 done (710s) | new 645 | cumulative 645 | |N_f n N_p| 782 (clean 438) | zeroed 645,10,0.65,yes,no,yes,,,,84,12542,Iter-Qwen 3B/iter-spin-step-1-qwen-3b/iter-spin-step-1-qwen-3b.log
Iter-Qwen 3B,iter-spin-step-2-qwen-3b,Qwen/Qwen2.5-3B-Instruct,COMPLETE,5326.09,1:28:46,5322.99,3.09,16,368.6,iter n=2 zeroed 1293 | HSIC@50 -9.7% | ppl 9.774 | MMLU 0.4190 (-1.6pp),13,,yes,no,yes,111.9,5214.19,NO,147,22328,Iter-Qwen 3B/iter-spin-step-2-qwen-3b/iter-spin-step-2-qwen-3b.log
Iter-Qwen 3B,iter-spin-step-3-qwen-3b,,INCOMPLETE_LOG,10.99,0:00:11,,,0,0,,0,,no,no,no,30.1,-19.11,yes,16,2796,Iter-Qwen 3B/iter-spin-step-3-qwen-3b/iter-spin-step-3-qwen-3b.log
Iter-Qwen 3B,iterspin-step-4-qwen-3b,,COMPLETE,16295.28,4:31:35,16292.15,3.13,11,2517.59,percatn2/fairness 16/2165 (18s) percatn2/fairness 32/2165 (37s) percatn2/fairness 48/2165 (54s) percatn2/fairness 64/216,0,,yes,no,yes,3356.5,12938.78,NO,58,41433,Iter-Qwen 3B/iterspin-step-4-qwen-3b/iterspin-step-4-qwen-3b.log
Iter-Spin Work,iter-spin-step-1-7b-qwen,,NOT_EXECUTED,7.64,0:00:08,,,0,0,,0,,no,no,no,,,,6,800,Iter-Spin Work/iter-spin-step-1-7b-qwen/iter-spin-step-1-7b-qwen.log
Iter-Spin Work,iter-spin-step-1-control,Qwen/Qwen2-7B-Instruct,COMPLETE,1143.8,0:19:04,1140.62,3.18,8,165.3,model loaded | entry cuda:0,0,,yes,no,no,,,,83,12042,Iter-Spin Work/iter-spin-step-1-control/iter-spin-step-1-control.log
Iter-Spin Work,iter-spin-step-2,Qwen/Qwen2-7B-Instruct,COMPLETE,4028.4,1:07:08,4025.2,3.19,16,271.47,baseline reps + ppl...,13,,yes,no,yes,,,,163,22833,Iter-Spin Work/iter-spin-step-2/iter-spin-step-2.log
Iter-Spin Work,iter-spin-step-3,Qwen/Qwen2-7B-Instruct,COMPLETE,3341.25,0:55:41,3337.68,3.57,3,2411.82,iter_n1_fairness 4/2165 (6s) iter_n1_fairness 8/2165 (10s) iter_n1_fairness 12/2165 (14s) iter_n1_fairness 16/2165 (19s),0,,yes,no,yes,,,,55,35205,Iter-Spin Work/iter-spin-step-3/iter-spin-step-3.log
Iter-Spin Work,iter-spin-step-4,,COMPLETE,6621.58,1:50:22,6618.44,3.14,4,2526.42,itern1/fairness 16/2165 (18s) itern1/fairness 32/2165 (36s) itern1/fairness 48/2165 (54s) itern1/fairness 64/2165 (72s) ,0,,yes,no,no,,,,44,19109,Iter-Spin Work/iter-spin-step-4/iter-spin-step-4.log
Iter-health,iter-health-step-1,Qwen/Qwen2-7B-Instruct,COMPLETE,13627.06,3:47:07,13623.95,3.11,11,1347.65,round 2/10 (1348s) | new 990 | cumulative 2150 | |N_f n N_p| 1010 (clean 208),10,0.56,yes,no,yes,,,,76,11197,Iter-health/iter-health-step-1/iter-health-step-1.log
Iter-health,iter-health-step-2,Qwen/Qwen2-7B-Instruct,COMPLETE,6368.74,1:46:09,6365.1,3.64,9,1015.4,iter n=3 zeroed 2988 | HSIC@400 -4.1% | nHSIC@400 0.0651 | CKA 0.0629 | wiki +2.78% | pubmed +4.06%,5,,yes,no,yes,,,,225,34328,Iter-health/iter-health-step-2/iter-health-step-2.log
Iter-health,iter-health-step-3-n1-2,Qwen/Qwen2-7B-Instruct,COMPLETE,7181.04,1:59:41,7177.78,3.26,7,1599.85,iter_n2_fairness 4/1416 (4s) iter_n2_fairness 8/1416 (9s) iter_n2_fairness 12/1416 (13s) iter_n2_fairness 16/1416 (18s) ,0,,yes,no,yes,,,,59,67719,Iter-health/iter-health-step-3-n1-2/iter-health-step-3-n1-2.log
Iter-health,iter-health-step-4-n12,,COMPLETE,7102.95,1:58:23,7099.62,3.33,7,1548.79,iter_n1/fairness 16/1416 (18s) iter_n1/fairness 32/1416 (34s) iter_n1/fairness 48/1416 (51s) iter_n1/fairness 64/1416 (7,0,,yes,no,yes,,,,64,23119,Iter-health/iter-health-step-4-n12/iter-health-step-4-n12.log
Soft-Gemma 2B,softspin-step-1-gemma-2b,google/gemma-2-2b-it,COMPLETE,511.77,0:08:32,508.66,3.11,8,75.61,group 1/7 done (75s) | coupled so far 62,7,0.27,yes,no,yes,,,,50,6472,Soft-Gemma 2B/softspin-step-1-gemma-2b/softspin-step-1-gemma-2b.log
Soft-Gemma 2B,softspin-step-2-gemma-2b,,COMPLETE,4021.78,1:07:02,4018.08,3.7,17,324.99,mmlu 1/1000 mmlu 2/1000 mmlu 3/1000 mmlu 4/1000 mmlu 5/1000 mmlu 6/1000 mmlu 7/1000 mmlu 8/1000 mmlu 9/1000 mmlu 10/1000,0,,yes,no,yes,3138.5,883.28,NO,131,205315,Soft-Gemma 2B/softspin-step-2-gemma-2b/softspin-step-2-gemma-2b.log
Soft-Gemma 2B,softspin-step-3-gemma-2b,,COMPLETE,25110.36,6:58:30,25107.26,3.1,17,2425.49,baseline generation (untouched weights)...,7,,yes,no,yes,,,,67,190845,Soft-Gemma 2B/softspin-step-3-gemma-2b/softspin-step-3-gemma-2b.log
Soft-Gemma 2B,softspin-step-4-gemma-2b,,COMPLETE,18785.11,5:13:05,18781.24,3.87,15,2029.58,scoring gemma-2-2b-it fairness baseline...,12,,yes,no,yes,,,,84,69664,Soft-Gemma 2B/softspin-step-4-gemma-2b/softspin-step-4-gemma-2b.log
Soft-Llama 3B,softspin-step-1-llama-3b,meta-llama/Llama-3.2-3B-Instruct,COMPLETE,518.78,0:08:39,515.64,3.14,8,66.99,group 1/7 done (67s) | coupled so far 79,7,0.46,yes,no,yes,,,,50,6510,Soft-Llama 3B/softspin-step-1-llama-3b/softspin-step-1-llama-3b.log
Soft-Llama 3B,softspin-step-2-llama-3b,,COMPLETE,2649.25,0:44:09,2646.04,3.21,17,205.4,mmlu 1/1000 mmlu 2/1000 mmlu 3/1000 mmlu 4/1000 mmlu 5/1000 mmlu 6/1000 mmlu 7/1000 mmlu 8/1000 mmlu 9/1000 mmlu 10/1000,0,,yes,no,yes,3138.5,-489.25,NO,134,205902,Soft-Llama 3B/softspin-step-2-llama-3b/softspin-step-2-llama-3b.log
Soft-Llama 3B,softspin-step-3-llama-3b,,COMPLETE,17995.12,4:59:55,17991.86,3.25,17,1728.77,a1.00_fair 4/2165 (3s) a1.00_fair 8/2165 (6s) a1.00_fair 12/2165 (10s) a1.00_fair 16/2165 (13s) a1.00_fair 20/2165 (16s),7,,yes,no,yes,,,,76,191799,Soft-Llama 3B/softspin-step-3-llama-3b/softspin-step-3-llama-3b.log
Soft-Llama 3B,softspin-step-4-llama-3b,,COMPLETE,21585.58,5:59:46,21582.35,3.23,15,2398.46,Llama-3.2-3B fair/a0.90 16/2165 (18s) Llama-3.2-3B fair/a0.90 32/2165 (35s) Llama-3.2-3B fair/a0.90 48/2165 (52s) Llama-,12,,yes,no,yes,,,,84,69863,Soft-Llama 3B/softspin-step-4-llama-3b/softspin-step-4-llama-3b.log
Soft-Qwen 3B,softspin-step-1-qwen-3b,,NOT_EXECUTED,6.19,0:00:06,,,0,0,,0,,no,no,no,,,,6,800,Soft-Qwen 3B/softspin-step-1-qwen-3b/softspin-step-1-qwen-3b.log
Soft-Qwen 3B,softspin-step-2-qwen-3b,,COMPLETE,3146.97,0:52:27,3143.67,3.3,17,253.33,mmlu 1/1000 mmlu 2/1000 mmlu 3/1000 mmlu 4/1000 mmlu 5/1000 mmlu 6/1000 mmlu 7/1000 mmlu 8/1000 mmlu 9/1000 mmlu 10/1000,0,,yes,no,yes,3138.5,8.47,yes,134,206773,Soft-Qwen 3B/softspin-step-2-qwen-3b/softspin-step-2-qwen-3b.log
Soft-Qwen 3B,softspin-step-3-qwen-3b,,COMPLETE,22140.5,6:09:00,22137.35,3.15,17,2157.88,a1.00_fair 4/2165 (4s) a1.00_fair 8/2165 (8s) a1.00_fair 12/2165 (12s) a1.00_fair 16/2165 (15s) a1.00_fair 20/2165 (19s),7,,yes,no,yes,,,,80,193386,Soft-Qwen 3B/softspin-step-3-qwen-3b/softspin-step-3-qwen-3b.log
Soft-Qwen 3B,softspin-step-4-qwen-3b,,COMPLETE,23215.66,6:26:56,23212.26,3.4,15,2562.09,scoring Qwen2.5-3B-Instruct fairness baseline...,12,,yes,no,yes,,,,84,69916,Soft-Qwen 3B/softspin-step-4-qwen-3b/softspin-step-4-qwen-3b.log
Soft-Qwen 7B,softspin-step-1-qwen-7b,Qwen/Qwen2-7B-Instruct,COMPLETE,1331.17,0:22:11,1325.75,5.42,8,214.33,model loaded | entry cuda:0,7,0.27,yes,no,yes,,,,51,6877,Soft-Qwen 7B/softspin-step-1-qwen-7b/softspin-step-1-qwen-7b.log
Soft-Qwen 7B,softspin-step-2-qwen-7b,,COMPLETE,5618.53,1:33:39,5614.81,3.73,17,414.23,mmlu 1/1000 mmlu 2/1000 mmlu 3/1000 mmlu 4/1000 mmlu 5/1000 mmlu 6/1000 mmlu 7/1000 mmlu 8/1000 mmlu 9/1000 mmlu 10/1000,0,,yes,no,yes,3138.5,2480.03,NO,134,206787,Soft-Qwen 7B/softspin-step-2-qwen-7b/softspin-step-2-qwen-7b.log
Soft-Qwen 7B,softspin-step-3-qwen-7b,,COMPLETE,25406.69,7:03:27,25403.52,3.18,17,2427.76,a0.90_fair 4/2165 (4s) a0.90_fair 8/2165 (9s) a0.90_fair 12/2165 (13s) a0.90_fair 16/2165 (18s) a0.90_fair 20/2165 (22s),7,,yes,no,yes,,,,79,193373,Soft-Qwen 7B/softspin-step-3-qwen-7b/softspin-step-3-qwen-7b.log
Soft-Qwen 7B,softspin-step-4-qwen-7b,,COMPLETE,9417.59,2:36:58,9414.35,3.24,7,2412.81,scoring Qwen2-7B-Instruct fairness baseline...,4,,yes,no,yes,,,,58,32928,Soft-Qwen 7B/softspin-step-4-qwen-7b/softspin-step-4-qwen-7b.log
Soft-health,soft-health-step-1,Qwen/Qwen2-7B-Instruct,COMPLETE,1338.79,0:22:19,1335.25,3.55,8,174.29,group 2/7 done (174s) | coupled so far 266,7,0.44,yes,no,yes,,,,78,11268,Soft-health/soft-health-step-1/soft-health-step-1.log
Soft-health,soft-health-step-2,Qwen/Qwen2-7B-Instruct,COMPLETE,9059.76,2:31:00,9056.42,3.33,11,1098.23,alpha=0.00 (1098s) | HSIC@400 -5.1% | nHSIC@400 0.0635 | CKA 0.0611 | wiki 7.715 | pubmed 16.439,0,,yes,no,yes,,,,226,34214,Soft-health/soft-health-step-2/soft-health-step-2.log
Soft-health,soft-health-step-3,Qwen/Qwen2-7B-Instruct,COMPLETE,18829.53,5:13:50,18826.35,3.18,17,1599.63,a1.00_fairness 4/1416 (4s) a1.00_fairness 8/1416 (9s) a1.00_fairness 12/1416 (13s) a1.00_fairness 16/1416 (18s) a1.00_fa,7,,yes,no,yes,,,,81,158521,Soft-health/soft-health-step-3/soft-health-step-3.log
Soft-health,soft-health-step-4-0-0-5,,COMPLETE,7199.61,2:00:00,7196.45,3.16,7,1568.16,soft_a0.00/fairness 16/1416 (18s) soft_a0.00/fairness 32/1416 (34s) soft_a0.00/fairness 48/1416 (51s) soft_a0.00/fairnes,0,,yes,no,yes,,,,64,23883,Soft-health/soft-health-step-4-0-0-5/soft-health-step-4-0-0-5.log
