variant,model,domain,step,condition,notebook,folder,runtime_seconds,runtime_hms,compute_seconds,verdict,usable_for_thesis,n_phases,n_rounds,clock_vs_print_dev_s,source
iter,Llama-3.2-3B-Instruct,general,1,control,iter-spin-step-1-control-llama-3b,Iter-Llama 3B,519.72,0:08:40,516.33,COMPLETE,yes,8,0,,kaggle run log (seconds since run start)
iter,Llama-3.2-3B-Instruct,general,1,main,iter-spin-step-1-llama-3b,Iter-Llama 3B,5242.11,1:27:22,5238.81,COMPLETE,yes,11,10,0.66,kaggle run log (seconds since run start)
iter,Llama-3.2-3B-Instruct,general,2,main,iter-spin-step-2-llama-3b,Iter-Llama 3B,4810.1,1:20:10,4806.92,COMPLETE,yes,16,13,,kaggle run log (seconds since run start)
iter,Llama-3.2-3B-Instruct,general,3,main,iter-spin-step-3-llama-3b,Iter-Llama 3B,31034.6,8:37:15,31031.34,COMPLETE,yes,29,0,,kaggle run log (seconds since run start)
iter,Llama-3.2-3B-Instruct,general,4,main,iterspin-step-4-llama-3b,Iter-Llama 3B,15904.1,4:25:04,15900.89,COMPLETE,yes,11,0,,kaggle run log (seconds since run start)
iter,Qwen2-7B-Instruct,general,1,control,iter-spin-step-1-control,Iter-Spin Work,1143.8,0:19:04,1140.62,COMPLETE,yes,8,0,,kaggle run log (seconds since run start)
iter,Qwen2-7B-Instruct,general,1,main,iter-spin-step-1-7b-qwen,Iter-Spin Work,12460.08,3:27:40,12460.08,COMPLETE,yes,10,10,,executed .ipynb papermill block + printed phase timings
iter,Qwen2-7B-Instruct,general,2,main,iter-spin-step-2,Iter-Spin Work,4028.4,1:07:08,4025.2,COMPLETE,yes,16,13,,kaggle run log (seconds since run start)
iter,Qwen2-7B-Instruct,general,2,main+mmlu,iter-spin-step-2-benchmark-included,Iter-Spin Work,6358.4,1:45:58,6358.4,COMPLETE,yes,5,8,,executed .ipynb papermill block (no printed phase timings)
iter,Qwen2-7B-Instruct,general,3,main,iter-spin-step-3,Iter-Spin Work,3341.25,0:55:41,3337.68,COMPLETE,yes,3,0,,kaggle run log (seconds since run start)
iter,Qwen2-7B-Instruct,general,4,main,iter-spin-step-4,Iter-Spin Work,6621.58,1:50:22,6618.44,COMPLETE,yes,4,0,,kaggle run log (seconds since run start)
iter,Qwen2.5-3B-Instruct,general,1,control,iter-spin-step-1-control-qwen-3b,Iter-Qwen 3B,598.5,0:09:59,595.41,COMPLETE,yes,10,0,,kaggle run log (seconds since run start)
iter,Qwen2.5-3B-Instruct,general,1,main,iter-spin-step-1-qwen-3b,Iter-Qwen 3B,7167.94,1:59:28,7164.26,COMPLETE,yes,11,10,0.65,kaggle run log (seconds since run start)
iter,Qwen2.5-3B-Instruct,general,2,main,iter-spin-step-2-qwen-3b,Iter-Qwen 3B,5326.09,1:28:46,5322.99,COMPLETE,yes,16,13,,kaggle run log (seconds since run start)
iter,Qwen2.5-3B-Instruct,general,3,main,iter-spin-step-3-qwen-3b,Iter-Qwen 3B,39695.9,11:01:36,39695.9,COMPLETE,yes,28,28,,executed .ipynb papermill block + printed phase timings
iter,Qwen2.5-3B-Instruct,general,4,main,iterspin-step-4-qwen-3b,Iter-Qwen 3B,16295.28,4:31:35,16292.15,COMPLETE,yes,11,0,,kaggle run log (seconds since run start)
iter,gemma-2-2b-it,general,1,control,iter-spin-step-1-control-gemma-2b,Iter-Gemma 2B,724.88,0:12:05,721.47,COMPLETE,yes,8,0,,kaggle run log (seconds since run start)
iter,gemma-2-2b-it,general,1,main,iter-spin-step-1-gemma-2b,Iter-Gemma 2B,4873.38,1:21:13,4870.17,COMPLETE,yes,11,10,0.37,kaggle run log (seconds since run start)
iter,gemma-2-2b-it,general,2,main,iter-spin-step-2-gemma-2b,Iter-Gemma 2B,6276.06,1:44:36,6272.81,COMPLETE,yes,16,13,,kaggle run log (seconds since run start)
iter,gemma-2-2b-it,general,3,main,iter-spin-step-3-gemma-2b-123,Iter-Gemma 2B,29009.53,8:03:30,29005.83,COMPLETE,yes,17,0,,kaggle run log (seconds since run start)
iter,gemma-2-2b-it,general,4,main,iterspin-step-4-gemma-2b-n1-2,Iter-Gemma 2B,14378.44,3:59:38,14375.16,COMPLETE,yes,11,0,,kaggle run log (seconds since run start)
iter,Qwen2-7B-Instruct,healthcare,1,main,iter-health-step-1,Iter-health,13627.06,3:47:07,13623.95,COMPLETE,yes,11,10,0.56,kaggle run log (seconds since run start)
iter,Qwen2-7B-Instruct,healthcare,2,main,iter-health-step-2,Iter-health,6368.74,1:46:09,6365.1,COMPLETE,yes,9,5,,kaggle run log (seconds since run start)
iter,Qwen2-7B-Instruct,healthcare,3,main,iter-health-step-3-n1-2,Iter-health,7181.04,1:59:41,7177.78,COMPLETE,yes,7,0,,kaggle run log (seconds since run start)
iter,Qwen2-7B-Instruct,healthcare,4,main,iter-health-step-4-n12,Iter-health,7102.95,1:58:23,7099.62,COMPLETE,yes,7,0,,kaggle run log (seconds since run start)
soft,Llama-3.2-3B-Instruct,general,1,main,softspin-step-1-llama-3b,Soft-Llama 3B,518.78,0:08:39,515.64,COMPLETE,yes,8,7,0.46,kaggle run log (seconds since run start)
soft,Llama-3.2-3B-Instruct,general,2,main,softspin-step-2-llama-3b,Soft-Llama 3B,2649.25,0:44:09,2646.04,COMPLETE,yes,17,0,,kaggle run log (seconds since run start)
soft,Llama-3.2-3B-Instruct,general,3,main,softspin-step-3-llama-3b,Soft-Llama 3B,17995.12,4:59:55,17991.86,COMPLETE,yes,17,7,,kaggle run log (seconds since run start)
soft,Llama-3.2-3B-Instruct,general,4,main,softspin-step-4-llama-3b,Soft-Llama 3B,21585.58,5:59:46,21582.35,COMPLETE,yes,15,12,,kaggle run log (seconds since run start)
soft,Qwen2-7B-Instruct,general,1,main,softspin-step-1-qwen-7b,Soft-Qwen 7B,1331.17,0:22:11,1325.75,COMPLETE,yes,8,7,0.27,kaggle run log (seconds since run start)
soft,Qwen2-7B-Instruct,general,2,main,softspin-step-2-qwen-7b,Soft-Qwen 7B,5618.53,1:33:39,5614.81,COMPLETE,yes,17,0,,kaggle run log (seconds since run start)
soft,Qwen2-7B-Instruct,general,3,main,softspin-step-3-qwen-7b,Soft-Qwen 7B,25406.69,7:03:27,25403.52,COMPLETE,yes,17,7,,kaggle run log (seconds since run start)
soft,Qwen2-7B-Instruct,general,4,main,softspin-step-4-qwen-7b,Soft-Qwen 7B,9417.59,2:36:58,9414.35,COMPLETE,yes,7,4,,kaggle run log (seconds since run start)
soft,Qwen2.5-3B-Instruct,general,1,main,softspin-step-1-qwen-3b,Soft-Qwen 3B,616.29,0:10:16,616.29,COMPLETE,yes,9,9,,executed .ipynb papermill block + printed phase timings
soft,Qwen2.5-3B-Instruct,general,2,main,softspin-step-2-qwen-3b,Soft-Qwen 3B,3146.97,0:52:27,3143.67,COMPLETE,yes,17,0,,kaggle run log (seconds since run start)
soft,Qwen2.5-3B-Instruct,general,3,main,softspin-step-3-qwen-3b,Soft-Qwen 3B,22140.5,6:09:00,22137.35,COMPLETE,yes,17,7,,kaggle run log (seconds since run start)
soft,Qwen2.5-3B-Instruct,general,4,main,softspin-step-4-qwen-3b,Soft-Qwen 3B,23215.66,6:26:56,23212.26,COMPLETE,yes,15,12,,kaggle run log (seconds since run start)
soft,gemma-2-2b-it,general,1,main,softspin-step-1-gemma-2b,Soft-Gemma 2B,511.77,0:08:32,508.66,COMPLETE,yes,8,7,0.27,kaggle run log (seconds since run start)
soft,gemma-2-2b-it,general,2,main,softspin-step-2-gemma-2b,Soft-Gemma 2B,4021.78,1:07:02,4018.08,COMPLETE,yes,17,0,,kaggle run log (seconds since run start)
soft,gemma-2-2b-it,general,3,main,softspin-step-3-gemma-2b,Soft-Gemma 2B,25110.36,6:58:30,25107.26,COMPLETE,yes,17,7,,kaggle run log (seconds since run start)
soft,gemma-2-2b-it,general,4,main,softspin-step-4-gemma-2b,Soft-Gemma 2B,18785.11,5:13:05,18781.24,COMPLETE,yes,15,12,,kaggle run log (seconds since run start)
soft,Qwen2-7B-Instruct,healthcare,1,main,soft-health-step-1,Soft-health,1338.79,0:22:19,1335.25,COMPLETE,yes,8,7,0.44,kaggle run log (seconds since run start)
soft,Qwen2-7B-Instruct,healthcare,2,main,soft-health-step-2,Soft-health,9059.76,2:31:00,9056.42,COMPLETE,yes,11,0,,kaggle run log (seconds since run start)
soft,Qwen2-7B-Instruct,healthcare,3,main,soft-health-step-3,Soft-health,18829.53,5:13:50,18826.35,COMPLETE,yes,17,7,,kaggle run log (seconds since run start)
soft,Qwen2-7B-Instruct,healthcare,4,main,soft-health-step-4-0-0-5,Soft-health,7199.61,2:00:00,7196.45,COMPLETE,yes,7,0,,kaggle run log (seconds since run start)
spin,Qwen2-7B-Instruct,general,1,main,step-1-importance-scoring,7B Testing,1245.6,0:20:46,1242.47,COMPLETE,yes,8,7,0.55,kaggle run log (seconds since run start)
spin,Qwen2-7B-Instruct,general,2,main,step-2-metric-computation,7B Testing,716.53,0:11:57,713.45,COMPLETE,yes,3,0,,kaggle run log (seconds since run start)
spin,Qwen2-7B-Instruct,general,3,main,step-3-answer-generation,7B Testing,6570.29,1:49:30,6566.62,COMPLETE,yes,5,0,,kaggle run log (seconds since run start)
spin,Qwen2-7B-Instruct,general,4,main,step-4-judge,7B Testing,6755.75,1:52:36,6752.35,COMPLETE,yes,5,0,,kaggle run log (seconds since run start)
spin,Qwen2-7B-Instruct,healthcare,1,main,health-step-1,Health 7B,1520.63,0:25:21,1517.25,COMPLETE,yes,8,7,0.49,kaggle run log (seconds since run start)
spin,Qwen2-7B-Instruct,healthcare,2,main,health-step-2,Health 7B,2457.99,0:40:58,2454.3,COMPLETE,yes,6,0,,kaggle run log (seconds since run start)
spin,Qwen2-7B-Instruct,healthcare,3,main,health-step-3,Health 7B,4861.94,1:21:02,4858.7,COMPLETE,yes,5,0,,kaggle run log (seconds since run start)
spin,Qwen2-7B-Instruct,healthcare,4,main,health-step-4,Health 7B,4346.35,1:12:26,4343.02,COMPLETE,yes,4,0,,kaggle run log (seconds since run start)
