idx,base,a0.00,a0.10,a0.30,a0.50,a0.70,a0.90,a1.00
0,0,0,0,0,0,0,0,0
1,0,0,0,0,0,0,0,0
2,0,0,0,0,0,0,0,0
3,0,0,0,0,0,0,0,0
4,0,0,0,0,0,0,0,0
5,0,0,1,0,0,0,0,0
6,0,1,1,1,0,0,0,0
7,1,0,0,0,1,1,1,1
8,0,0,0,0,0,1,0,0
9,1,0,0,0,0,0,0,1
10,1,0,0,0,0,0,1,1
11,1,0,0,0,0,1,1,1
12,0,0,1,0,0,1,0,0
13,0,1,0,0,0,0,0,0
14,0,0,0,0,0,0,0,0
15,1,0,0,1,1,1,1,1
16,0,0,0,0,0,0,0,0
17,1,1,1,1,0,1,1,1
18,0,1,0,0,0,0,0,0
19,0,0,0,0,0,0,0,0
20,0,0,0,0,0,0,0,0
21,0,0,0,0,0,0,0,0
22,0,0,1,1,1,0,0,0
23,0,0,0,1,0,1,0,0
24,0,0,0,0,0,1,0,0
25,1,0,0,0,0,0,0,1
26,0,0,0,0,0,0,0,0
27,0,0,0,0,0,0,0,0
28,0,0,0,0,0,0,0,0
29,1,0,0,0,0,0,1,1
30,1,0,0,0,0,0,1,1
31,1,1,1,0,0,0,1,1
32,1,0,0,0,1,1,1,1
33,0,0,0,0,0,0,0,0
34,0,0,0,0,0,0,0,0
35,0,0,0,0,0,0,0,0
36,1,0,0,0,0,1,1,1
37,0,0,0,0,0,1,0,0
38,1,0,0,0,0,0,1,1
39,1,0,0,1,1,1,1,1
40,0,0,0,0,0,0,0,0
41,0,0,0,0,0,0,0,0
42,0,0,0,0,0,0,0,0
43,1,1,0,1,1,0,1,1
44,1,0,0,1,1,0,1,1
45,1,0,0,0,0,0,0,1
46,1,0,0,0,1,1,1,1
47,0,0,0,0,0,0,0,0
48,0,0,0,0,0,0,0,0
49,0,0,0,0,0,0,0,0
50,1,1,0,1,1,0,1,1
51,1,1,1,1,1,1,1,1
52,0,0,0,0,0,0,0,0
53,1,0,0,0,0,0,1,1
54,0,0,0,0,0,0,0,0
55,0,0,1,0,0,0,0,0
56,1,0,0,1,0,0,1,1
57,1,0,1,1,1,1,1,1
58,0,0,0,0,0,0,0,0
59,0,0,0,1,0,0,0,0
60,0,0,0,0,0,0,0,0
61,0,1,0,1,0,0,0,0
62,0,1,1,0,0,0,0,0
63,0,0,0,0,0,0,0,0
64,1,1,0,0,0,1,0,1
65,1,1,1,1,1,1,1,1
66,0,0,0,0,0,0,0,0
67,0,0,0,0,1,1,0,0
68,1,0,0,1,0,0,1,1
69,1,0,0,0,0,0,0,1
70,0,0,0,0,0,0,0,0
71,0,1,1,0,0,0,0,0
72,0,0,0,0,0,0,0,0
73,0,1,1,0,1,1,0,0
74,0,0,0,0,0,0,0,0
75,1,0,0,1,1,1,1,1
76,1,1,0,0,0,0,1,1
77,1,0,0,0,0,0,0,1
78,1,1,1,1,1,0,1,1
79,0,0,0,0,0,0,0,0
80,0,0,0,0,0,0,0,0
81,0,1,0,0,0,0,0,0
82,0,0,0,0,0,0,0,0
83,1,0,0,1,0,0,1,1
84,0,0,0,0,0,0,0,0
85,1,1,1,0,0,1,1,1
86,1,0,0,1,1,1,1,1
87,1,0,1,1,1,1,1,1
88,0,0,0,0,0,0,0,0
89,1,0,0,1,0,1,1,1
90,0,0,0,0,1,1,1,0
91,0,0,0,1,1,1,0,0
92,1,1,1,1,1,1,1,1
93,0,0,0,0,0,0,0,0
94,1,0,0,0,0,0,0,1
95,1,0,0,1,1,1,1,1
96,0,0,1,0,0,0,0,0
97,0,0,0,0,0,0,0,0
98,1,0,0,0,0,0,0,1
99,1,0,1,0,0,1,1,1
100,0,1,1,0,0,0,0,0
101,1,1,1,1,1,1,1,1
102,0,0,0,0,0,0,0,0
103,1,0,1,1,0,1,0,1
104,1,1,1,0,1,1,1,1
105,0,0,0,0,0,0,0,0
106,0,0,0,1,0,0,0,0
107,1,0,1,0,1,1,1,1
108,0,0,0,0,0,0,0,0
109,1,0,0,1,1,0,0,1
110,0,0,0,0,0,0,0,0
111,0,1,0,0,0,0,0,0
112,1,0,1,1,1,1,1,1
113,0,0,0,0,0,0,0,0
114,0,0,0,0,0,0,0,0
115,0,0,0,1,1,0,0,0
116,1,0,1,0,0,0,0,1
117,1,1,0,0,1,1,1,1
118,1,0,0,0,0,1,1,1
119,0,1,1,1,0,0,0,0
120,0,0,0,0,0,0,0,0
121,0,0,0,0,0,0,0,0
122,0,0,0,0,0,0,0,0
123,0,0,0,1,0,0,0,0
124,1,1,1,1,0,1,1,1
125,0,1,1,0,1,1,1,0
126,0,0,0,0,0,0,0,0
127,0,0,0,0,0,0,0,0
128,1,0,0,1,0,0,1,1
129,0,0,0,0,0,0,0,0
130,0,0,0,1,1,0,1,0
131,1,1,1,1,1,1,1,1
132,0,0,0,0,0,0,1,0
133,0,0,0,0,0,0,0,0
134,1,1,1,1,1,0,1,1
135,0,0,0,0,0,0,0,0
136,0,1,0,0,0,0,0,0
137,0,0,0,0,0,0,0,0
138,1,0,0,0,1,0,1,1
139,1,1,0,1,1,1,0,1
140,0,0,1,1,1,1,1,0
141,0,0,0,0,0,0,0,0
142,1,0,0,1,1,1,1,1
143,1,0,0,1,1,1,1,1
144,0,0,0,0,0,0,0,0
145,0,0,0,0,0,0,0,0
146,0,0,0,0,0,0,0,0
147,0,0,0,0,0,0,0,0
148,0,0,0,0,0,0,0,0
149,0,0,0,0,0,0,0,0
150,0,0,0,0,0,0,0,0
151,1,0,0,0,1,0,0,1
152,1,1,1,1,1,1,1,1
153,1,1,1,0,0,0,1,1
154,0,0,0,0,0,0,0,0
155,1,0,0,0,1,1,0,1
156,1,1,1,1,1,1,1,1
157,1,0,1,1,1,1,1,1
158,0,1,1,0,1,0,0,0
159,0,0,0,0,0,0,0,0
160,0,0,0,0,0,0,0,0
161,0,0,0,0,0,0,0,0
162,1,1,1,0,1,1,1,1
163,0,1,1,0,0,0,0,0
164,1,0,0,0,1,1,1,1
165,0,0,0,0,0,0,0,0
166,0,0,0,0,0,0,0,0
167,1,0,0,0,1,0,1,1
168,0,0,0,0,0,0,0,0
169,0,1,1,1,1,0,0,0
170,0,0,0,0,0,0,1,0
171,1,0,0,0,0,1,1,1
172,0,0,0,1,0,0,0,0
173,0,1,0,0,0,1,1,0
174,0,0,0,0,0,0,0,0
175,0,1,0,1,0,0,0,0
176,1,1,1,1,1,1,1,1
177,1,1,1,0,1,1,1,1
178,0,0,0,0,0,0,0,0
179,0,1,1,1,0,0,0,0
180,0,0,0,1,0,0,0,0
181,0,0,1,0,0,0,0,0
182,1,1,1,1,1,1,1,1
183,0,0,0,0,0,0,0,0
184,1,1,1,1,1,1,1,1
185,1,0,0,0,1,0,1,1
186,1,1,1,1,1,1,1,1
187,0,0,0,0,0,0,0,0
188,1,1,1,1,1,1,1,1
189,1,1,1,1,1,1,1,1
190,1,0,0,0,1,1,1,1
191,1,1,1,1,1,1,1,1
192,0,0,0,0,0,0,0,0
193,1,1,1,1,1,1,1,1
194,0,1,1,1,0,0,0,0
195,0,0,0,0,0,0,0,0
196,0,0,0,0,0,0,0,0
197,1,0,0,0,0,0,1,1
198,0,1,1,1,0,1,0,0
199,1,0,0,1,1,1,1,1
200,0,0,0,0,0,0,0,0
201,1,1,1,1,1,1,1,1
202,1,0,0,0,1,1,1,1
203,0,0,0,0,0,1,1,0
204,1,0,0,0,0,1,1,1
205,0,0,0,0,0,0,0,0
206,0,1,0,0,0,0,0,0
207,1,1,1,1,1,1,1,1
208,0,1,1,0,0,0,0,0
209,1,0,0,0,0,0,1,1
210,0,0,0,0,0,0,0,0
211,1,0,0,1,0,0,1,1
212,0,0,0,0,0,0,0,0
213,1,0,1,1,1,1,1,1
214,0,0,0,0,0,0,0,0
215,0,0,0,1,1,1,1,0
216,0,1,1,1,0,1,0,0
217,1,0,0,1,1,1,1,1
218,1,1,1,0,0,0,1,1
219,0,0,0,0,0,0,0,0
220,1,1,1,1,1,1,1,1
221,0,0,0,1,0,1,1,0
222,1,0,0,0,0,0,0,1
223,0,0,1,0,0,0,0,0
224,0,0,1,0,0,0,0,0
225,1,1,1,1,0,0,1,1
226,1,1,1,1,1,1,1,1
227,1,1,1,0,1,1,1,1
228,1,0,1,0,0,0,0,1
229,0,1,0,0,1,0,1,0
230,0,0,0,0,0,0,0,0
231,1,0,0,0,0,1,1,1
232,0,0,0,0,0,0,0,0
233,1,0,0,0,0,0,0,1
234,0,1,0,0,0,0,0,0
235,1,1,0,1,0,0,1,1
236,0,1,1,0,0,0,0,0
237,1,1,1,1,1,1,1,1
238,0,0,0,0,0,0,0,0
239,1,1,0,0,1,1,1,1
240,0,1,0,1,0,0,0,0
241,0,0,0,0,0,0,0,0
242,0,0,0,0,0,0,0,0
243,0,1,1,1,1,0,0,0
244,0,0,0,0,0,0,0,0
245,1,1,1,0,1,1,1,1
246,0,0,0,0,0,0,0,0
247,1,0,0,0,1,1,1,1
248,1,1,0,0,0,0,1,1
249,0,0,0,0,0,0,0,0
250,0,0,0,1,1,0,0,0
251,1,1,1,1,1,1,1,1
252,1,0,1,0,0,0,1,1
253,0,0,0,0,0,0,0,0
254,1,0,0,1,0,0,1,1
255,0,0,0,0,0,0,0,0
256,0,1,0,0,0,0,0,0
257,0,0,0,0,0,0,0,0
258,1,1,0,0,0,0,1,1
259,1,1,1,1,1,1,1,1
260,0,1,0,0,0,0,0,0
261,1,0,0,0,0,0,0,1
262,1,0,1,1,0,0,1,1
263,1,1,1,1,1,1,1,1
264,1,1,0,1,1,1,1,1
265,0,0,0,0,0,0,0,0
266,0,0,0,0,0,0,0,0
267,1,0,1,1,0,0,1,1
268,0,0,0,0,0,0,0,0
269,1,1,0,0,0,1,1,1
270,0,0,0,0,0,0,0,0
271,1,0,0,0,0,0,1,1
272,0,1,0,0,0,0,0,0
273,0,0,0,0,0,1,0,0
274,0,0,0,0,0,0,0,0
275,0,0,0,0,1,0,0,0
276,0,0,0,0,0,0,0,0
277,0,0,0,0,0,0,0,0
278,0,0,0,0,0,0,0,0
279,1,1,1,1,1,1,1,1
280,1,1,1,1,1,1,1,1
281,1,0,0,0,0,0,1,1
282,0,0,0,0,1,0,0,0
283,0,1,0,0,0,0,0,0
284,1,1,1,1,1,1,1,1
285,0,0,0,0,0,0,0,0
286,0,0,0,0,0,0,0,0
287,1,0,0,1,1,1,1,1
288,0,0,0,0,0,0,0,0
289,1,0,0,0,0,0,1,1
290,1,1,1,1,1,1,1,1
291,1,1,1,1,1,1,1,1
292,1,1,0,1,0,0,1,1
293,1,0,0,1,1,1,1,1
294,0,0,0,0,0,0,0,0
295,0,0,0,0,0,0,0,0
296,0,0,0,0,0,1,0,0
297,1,1,0,1,1,1,1,1
298,0,0,0,0,0,0,0,0
299,0,0,0,0,0,0,0,0
300,0,0,0,0,0,0,0,0
301,0,0,0,0,0,0,0,0
302,0,0,0,0,0,0,0,0
303,0,0,0,0,0,0,0,0
304,0,0,0,0,0,1,1,0
305,0,0,0,0,0,0,0,0
306,0,0,0,0,0,1,0,0
307,1,1,1,1,1,1,1,1
308,0,0,0,0,0,0,0,0
309,0,0,0,0,0,0,0,0
310,0,0,0,0,0,0,1,0
311,0,0,0,0,0,0,0,0
312,0,0,0,0,0,0,0,0
313,0,1,1,1,1,1,0,0
314,0,0,0,0,0,0,0,0
315,1,0,1,1,1,1,1,1
316,0,0,0,0,0,0,0,0
317,0,0,0,0,0,0,0,0
318,1,0,0,0,0,0,1,1
319,0,0,0,0,0,0,0,0
320,1,0,0,0,0,1,0,1
321,0,0,0,0,0,0,0,0
322,1,0,0,1,0,1,1,1
323,0,0,0,0,0,0,0,0
324,0,0,0,0,0,0,0,0
325,0,0,0,0,0,0,0,0
326,1,1,1,1,1,1,1,1
327,0,0,0,0,0,0,0,0
328,0,0,0,0,0,0,0,0
329,0,0,0,0,0,0,0,0
330,0,0,0,0,0,0,0,0
331,0,0,0,0,0,0,0,0
332,0,0,0,0,0,0,0,0
333,1,1,1,1,1,1,1,1
334,0,1,1,1,0,0,0,0
335,1,1,1,1,1,1,1,1
336,0,0,1,1,0,0,0,0
337,1,1,0,0,0,1,1,1
338,0,0,0,0,0,0,0,0
339,0,0,0,1,1,1,1,0
340,1,0,0,0,0,1,1,1
341,0,0,0,0,0,1,0,0
342,1,0,0,0,0,1,1,1
343,1,1,0,1,1,1,1,1
344,1,1,1,1,1,1,1,1
345,1,1,1,1,1,1,1,1
346,0,0,0,0,1,0,0,0
347,1,0,0,1,1,1,1,1
348,0,0,0,0,0,1,1,0
349,1,1,1,1,0,1,1,1
350,1,1,1,1,1,1,1,1
351,1,1,1,1,1,1,1,1
352,0,0,0,0,0,1,1,0
353,0,0,0,0,0,0,0,0
354,0,0,0,0,0,0,0,0
355,1,0,0,0,0,1,1,1
356,1,0,1,1,1,1,1,1
357,0,1,0,1,1,0,0,0
358,0,0,0,0,0,0,0,0
359,0,1,1,0,1,1,0,0
360,0,0,0,0,0,0,0,0
361,0,0,0,0,0,0,0,0
362,1,1,0,0,1,1,1,1
363,0,0,0,0,0,0,1,0
364,0,0,0,0,0,0,0,0
365,0,0,0,0,0,0,0,0
366,0,0,0,0,0,0,0,0
367,1,0,1,1,1,1,1,1
368,0,0,0,0,0,0,0,0
369,0,0,1,1,1,1,1,0
370,0,0,0,0,0,1,0,0
371,1,1,1,1,1,1,1,1
372,0,0,1,0,1,1,1,0
373,1,1,0,1,1,1,1,1
374,0,0,0,0,0,0,0,0
375,0,0,0,1,1,1,0,0
376,0,1,1,1,1,1,0,0
377,1,0,0,1,0,0,0,1
378,0,0,0,0,0,0,0,0
379,1,0,0,0,0,0,0,1
380,1,1,1,1,1,1,1,1
381,0,0,0,0,0,0,0,0
382,0,0,0,0,0,0,0,0
383,0,0,0,0,1,1,1,0
384,0,0,0,0,0,0,0,0
385,0,1,1,1,1,1,0,0
386,0,0,0,0,0,0,0,0
387,1,1,0,1,1,1,1,1
388,0,0,0,0,0,0,0,0
389,0,0,0,0,0,0,0,0
390,0,1,1,1,1,1,1,0
391,1,1,1,1,1,1,1,1
392,0,0,1,0,0,0,0,0
393,0,0,0,0,0,0,0,0
394,0,0,0,0,0,0,0,0
395,1,1,1,1,1,1,1,1
396,1,1,1,1,1,1,1,1
397,0,0,0,0,0,0,0,0
398,0,1,1,1,0,0,0,0
399,1,0,0,0,1,0,1,1
400,0,1,0,0,0,0,0,0
401,1,0,1,1,0,0,0,1
402,1,1,1,1,1,1,1,1
403,1,0,1,1,1,1,1,1
404,1,1,1,1,0,1,0,1
405,0,0,0,0,0,0,0,0
406,1,0,1,1,1,1,1,1
407,0,0,0,0,0,0,0,0
408,0,0,0,0,0,0,0,0
409,1,0,0,0,0,0,1,1
410,1,1,1,1,1,1,1,1
411,0,1,0,0,1,1,1,0
412,1,1,1,1,1,1,1,1
413,0,0,0,0,0,0,0,0
414,1,0,0,0,0,0,1,1
415,1,0,1,0,1,1,1,1
416,1,1,0,0,1,0,1,1
417,1,1,1,1,1,0,1,1
418,1,0,1,1,1,1,1,1
419,0,0,0,0,0,0,0,0
420,1,0,0,0,0,0,1,1
421,0,0,0,0,1,0,0,0
422,0,0,0,0,0,1,0,0
423,0,0,0,0,0,0,0,0
424,1,0,0,0,1,1,1,1
425,0,0,0,0,0,0,0,0
426,0,1,0,0,0,0,0,0
427,0,0,0,0,0,0,0,0
428,0,0,0,0,0,0,0,0
429,0,0,0,0,0,0,0,0
430,1,1,1,0,0,0,1,1
431,0,0,1,0,0,0,1,0
432,1,0,1,0,0,0,1,1
433,1,0,1,1,1,1,1,1
434,1,1,1,1,1,0,1,1
435,1,0,1,1,1,1,1,1
436,1,0,0,0,0,0,1,1
437,0,1,0,0,0,0,0,0
438,0,0,0,0,0,0,0,0
439,1,0,0,0,0,0,1,1
440,1,1,1,1,1,1,1,1
441,1,0,1,1,1,1,1,1
442,0,0,1,0,0,0,0,0
443,0,0,0,0,0,0,0,0
444,0,0,0,0,0,0,0,0
445,0,0,0,0,0,0,0,0
446,0,0,0,0,0,0,0,0
447,1,0,0,0,0,0,0,1
448,0,0,0,0,0,0,0,0
449,0,1,1,1,1,1,0,0
450,1,0,0,0,0,0,1,1
451,0,0,0,0,0,0,0,0
452,1,0,0,0,0,1,1,1
453,0,1,1,1,0,0,0,0
454,0,0,1,0,0,0,0,0
455,0,0,0,1,0,0,0,0
456,0,0,0,0,0,0,0,0
457,1,1,1,1,0,1,0,1
458,0,0,0,1,0,0,0,0
459,0,0,1,0,0,0,0,0
460,0,0,0,0,0,0,0,0
461,1,0,0,0,0,0,1,1
462,0,0,0,0,0,0,0,0
463,0,1,0,0,1,0,0,0
464,0,0,0,0,0,0,0,0
465,0,0,0,0,0,0,0,0
466,1,0,1,0,0,1,1,1
467,1,0,0,0,0,0,1,1
468,1,1,1,0,1,1,0,1
469,0,0,0,0,0,0,0,0
470,0,1,0,0,0,0,0,0
471,1,1,1,1,1,1,1,1
472,1,0,0,0,0,0,1,1
473,1,1,1,1,1,1,1,1
474,0,0,0,0,0,0,0,0
475,1,0,0,1,1,1,1,1
476,0,0,0,0,0,0,0,0
477,1,1,0,0,1,1,1,1
478,1,0,0,0,0,1,1,1
479,0,1,1,1,0,1,0,0
480,1,1,1,0,0,0,1,1
481,0,0,0,0,0,0,0,0
482,0,0,0,0,0,0,0,0
483,0,0,0,0,0,0,0,0
484,0,0,0,0,0,0,0,0
485,0,0,0,0,0,0,0,0
486,0,0,0,0,0,0,0,0
487,0,0,0,0,0,0,0,0
488,1,1,0,1,1,1,1,1
489,1,1,1,1,1,1,1,1
490,0,0,0,0,1,1,0,0
491,0,0,0,0,0,0,0,0
492,0,0,0,0,0,0,0,0
493,1,0,0,1,1,0,0,1
494,1,1,0,1,1,0,0,1
495,1,1,0,1,1,1,1,1
496,1,1,0,0,1,0,1,1
497,1,1,1,1,1,1,1,1
498,0,1,0,0,0,0,0,0
499,1,0,0,0,1,1,0,1
500,1,0,1,0,0,0,1,1
501,1,0,0,0,1,1,1,1
502,1,0,0,0,0,0,0,1
503,0,1,0,1,0,0,1,0
504,1,1,0,1,0,0,0,1
505,1,0,0,1,1,1,1,1
506,1,0,0,1,1,0,0,1
507,0,0,0,0,0,0,0,0
508,1,0,0,0,1,1,1,1
509,0,0,0,0,0,0,0,0
510,0,0,0,1,0,0,1,0
511,1,0,1,1,1,1,1,1
512,0,1,1,1,1,0,1,0
513,1,1,0,0,0,0,1,1
514,0,1,1,0,0,0,0,0
515,0,0,0,0,0,0,0,0
516,1,1,1,0,0,1,1,1
517,0,0,0,0,0,0,0,0
518,0,0,1,1,1,0,0,0
519,1,0,1,1,1,1,1,1
520,1,1,1,1,0,1,1,1
521,0,0,0,0,0,0,0,0
522,0,0,0,0,0,0,0,0
523,0,0,0,0,0,0,0,0
524,0,0,0,0,0,0,0,0
525,1,1,0,1,1,1,1,1
526,0,0,0,0,0,0,0,0
527,0,0,0,0,0,0,0,0
528,1,1,1,1,1,1,1,1
529,1,1,1,1,1,1,1,1
530,1,0,0,0,0,1,1,1
531,0,0,0,0,0,0,0,0
532,0,0,0,0,0,0,0,0
533,0,1,1,0,0,0,0,0
534,1,0,0,1,0,1,1,1
535,0,0,0,0,0,0,0,0
536,0,0,0,0,0,0,0,0
537,1,0,1,1,1,1,1,1
538,1,1,0,0,1,1,0,1
539,1,0,0,0,1,1,0,1
540,0,0,0,0,0,0,0,0
541,1,0,1,1,1,1,1,1
542,1,1,1,1,1,1,1,1
543,0,0,0,1,0,0,0,0
544,0,0,0,0,0,0,0,0
545,0,0,0,1,1,1,1,0
546,1,1,1,1,1,1,1,1
547,1,0,1,1,1,1,1,1
548,1,0,0,1,0,0,0,1
549,0,0,0,0,0,0,0,0
550,0,1,1,0,1,0,0,0
551,0,0,0,0,1,0,0,0
552,0,0,0,1,1,0,0,0
553,0,1,1,0,0,1,0,0
554,1,0,0,0,0,0,1,1
555,0,1,0,0,0,0,0,0
556,1,0,1,1,0,0,1,1
557,0,1,0,1,1,1,1,0
558,0,0,0,0,0,0,0,0
559,1,0,0,0,0,1,0,1
560,0,0,0,0,0,0,0,0
561,1,1,1,1,1,1,1,1
562,0,0,0,0,0,0,0,0
563,0,0,0,0,0,0,0,0
564,0,0,0,1,1,1,0,0
565,1,0,0,1,0,0,0,1
566,1,0,0,0,1,0,1,1
567,0,0,0,0,0,0,0,0
568,0,0,0,0,0,0,0,0
569,1,1,1,1,1,1,1,1
570,1,0,0,0,0,0,0,1
571,1,1,1,1,1,1,1,1
572,0,0,0,0,0,1,0,0
573,1,1,1,1,1,1,1,1
574,0,0,0,1,1,1,0,0
575,1,1,0,0,0,1,0,1
576,0,0,0,0,0,0,0,0
577,0,0,0,0,0,0,0,0
578,0,0,0,0,0,0,0,0
579,1,0,0,0,0,0,1,1
580,1,1,1,1,1,1,1,1
581,0,0,0,1,1,1,0,0
582,1,1,1,1,0,0,0,1
583,1,1,1,1,1,1,1,1
584,1,0,0,0,1,1,1,1
585,1,0,1,0,0,0,1,1
586,1,1,1,1,1,1,1,1
587,1,0,0,0,1,1,1,1
588,0,0,1,0,0,0,0,0
589,0,0,0,0,0,0,0,0
590,0,0,0,0,0,0,0,0
591,1,0,0,0,1,0,1,1
592,0,0,0,0,1,0,0,0
593,1,0,1,1,1,1,1,1
594,1,0,0,1,1,1,0,1
595,0,1,1,1,0,0,0,0
596,1,0,0,1,0,1,1,1
597,0,0,0,1,1,1,0,0
598,1,1,1,1,1,1,1,1
599,1,1,1,1,1,1,1,1
600,1,0,0,0,0,0,1,1
601,1,1,1,0,0,0,0,1
602,0,1,0,0,0,0,0,0
603,1,0,0,0,0,0,0,1
604,0,0,0,0,0,0,0,0
605,1,1,1,1,0,0,1,1
606,1,1,0,0,1,1,1,1
607,1,1,1,0,1,1,1,1
608,1,1,0,0,1,1,1,1
609,1,1,0,1,1,1,1,1
610,0,0,0,1,1,1,1,0
611,1,1,1,0,1,0,1,1
612,0,0,0,0,0,0,0,0
613,0,1,0,0,0,0,1,0
614,1,0,0,0,1,1,1,1
615,0,0,1,1,1,0,0,0
616,0,0,0,1,1,0,0,0
617,1,0,0,0,0,1,1,1
618,1,1,1,1,1,1,1,1
619,1,0,0,0,0,0,0,1
620,0,1,0,1,1,1,1,0
621,1,0,0,0,0,0,1,1
622,0,0,0,0,0,0,0,0
623,1,0,0,1,0,1,1,1
624,1,1,1,1,1,1,1,1
625,0,0,0,0,0,0,0,0
626,1,0,0,1,1,1,1,1
627,0,0,0,0,0,1,1,0
628,0,0,0,0,0,0,0,0
629,1,0,1,1,1,1,1,1
630,0,0,0,0,1,0,0,0
631,0,0,0,0,0,0,0,0
632,0,0,0,0,0,0,0,0
633,0,0,0,1,0,0,0,0
634,0,0,0,0,0,0,0,0
635,0,1,0,1,1,0,0,0
636,0,1,1,0,1,1,0,0
637,0,0,0,0,0,0,0,0
638,1,1,1,1,1,1,1,1
639,0,0,0,0,0,1,0,0
640,0,0,0,0,0,0,0,0
641,0,0,0,1,1,0,0,0
642,0,0,0,0,0,0,0,0
643,0,0,1,1,1,0,1,0
644,1,0,1,1,1,1,1,1
645,0,0,0,0,0,0,0,0
646,1,0,0,0,1,1,1,1
647,0,0,0,0,0,0,0,0
648,1,1,1,1,1,1,1,1
649,1,0,0,0,0,0,1,1
650,1,1,1,1,1,1,1,1
651,1,0,0,0,1,1,1,1
652,1,0,0,0,0,0,1,1
653,0,0,0,0,0,0,0,0
654,0,0,0,0,0,0,1,0
655,0,0,0,0,0,0,0,0
656,0,0,0,0,0,0,0,0
657,1,0,0,0,1,0,1,1
658,0,0,0,0,0,0,0,0
659,0,1,1,1,1,1,0,0
660,0,0,0,0,0,0,0,0
661,0,0,0,0,0,0,0,0
662,0,0,0,0,0,0,0,0
663,0,0,0,0,0,0,0,0
664,0,0,0,0,0,0,0,0
665,0,1,1,1,1,1,0,0
666,1,0,0,0,0,0,0,1
667,1,1,1,1,1,1,1,1
668,0,0,0,0,0,0,0,0
669,1,0,0,1,0,0,0,1
670,1,1,1,1,1,1,1,1
671,1,0,0,0,1,0,1,1
672,1,1,1,1,1,1,1,1
673,0,0,0,0,0,0,0,0
674,1,0,0,0,0,0,1,1
675,0,0,0,0,0,0,0,0
676,1,1,1,0,1,1,1,1
677,0,1,1,0,1,1,1,0
678,1,1,1,1,1,1,1,1
679,0,0,0,0,0,0,0,0
680,0,0,0,1,0,0,0,0
681,0,0,1,1,1,1,1,0
682,1,1,1,1,0,1,1,1
683,0,0,0,0,0,0,0,0
684,0,0,0,0,0,0,0,0
685,0,0,0,0,0,0,0,0
686,0,0,0,1,1,1,0,0
687,0,1,1,1,1,0,0,0
688,0,0,0,0,0,0,0,0
689,0,0,0,0,0,0,0,0
690,0,0,0,0,0,0,0,0
691,0,0,0,0,0,0,0,0
692,1,1,0,0,0,0,1,1
693,1,1,0,0,0,0,1,1
694,1,1,1,0,1,1,1,1
695,1,1,1,1,0,0,1,1
696,0,0,1,1,0,0,0,0
697,1,1,1,0,1,1,1,1
698,0,0,0,0,0,0,1,0
699,0,0,0,0,0,0,0,0
700,1,0,1,0,0,0,0,1
701,1,1,1,0,1,1,1,1
702,0,0,0,0,0,0,0,0
703,0,0,0,0,0,0,0,0
704,1,1,1,0,0,1,1,1
705,0,0,0,0,1,0,0,0
706,0,0,0,1,0,0,0,0
707,0,0,0,0,0,0,0,0
708,1,1,1,1,0,1,1,1
709,1,0,0,1,1,1,1,1
710,0,0,0,0,0,0,0,0
711,1,0,0,0,0,0,0,1
712,0,1,0,0,1,0,0,0
713,0,0,0,0,0,0,0,0
714,0,0,0,0,1,1,0,0
715,0,0,0,0,0,0,0,0
716,0,0,0,0,0,0,0,0
717,1,1,1,1,1,1,1,1
718,1,0,0,0,0,0,1,1
719,1,1,1,0,0,0,1,1
720,1,1,0,0,0,0,0,1
721,0,0,0,0,0,0,0,0
722,0,0,0,0,0,0,0,0
723,0,0,1,1,0,0,0,0
724,1,0,0,0,0,0,1,1
725,1,1,1,1,1,1,1,1
726,0,0,0,0,0,0,0,0
727,0,1,0,1,0,0,0,0
728,0,0,0,0,0,0,0,0
729,1,0,0,0,1,1,1,1
730,1,1,1,0,1,1,1,1
731,1,0,0,0,0,1,1,1
732,0,1,1,1,1,1,0,0
733,0,0,1,1,0,0,0,0
734,0,0,0,0,0,0,0,0
735,1,0,0,0,0,1,0,1
736,0,0,0,0,0,0,0,0
737,1,1,1,1,1,1,1,1
738,1,0,0,1,1,1,1,1
739,0,0,0,0,0,0,0,0
740,0,0,0,0,0,0,0,0
741,0,0,1,0,0,0,0,0
742,1,0,0,1,1,1,1,1
743,1,1,1,1,1,1,1,1
744,0,0,0,0,0,0,0,0
745,1,1,1,1,1,1,0,1
746,0,0,0,0,0,1,0,0
747,0,0,0,0,0,0,0,0
748,0,1,0,1,0,0,0,0
749,0,0,0,0,0,0,0,0
750,0,0,0,0,0,0,0,0
751,1,1,1,1,1,1,1,1
752,1,0,0,1,1,1,1,1
753,0,0,0,1,1,0,0,0
754,1,0,0,0,1,1,0,1
755,0,0,0,1,0,0,0,0
756,0,0,0,1,1,0,0,0
757,1,0,1,1,1,1,1,1
758,0,0,0,1,0,0,1,0
759,1,0,0,0,0,0,0,1
760,1,0,0,0,1,1,1,1
761,1,1,1,1,1,1,1,1
762,0,0,0,0,0,0,1,0
763,1,1,1,0,0,1,1,1
764,1,0,1,0,1,1,1,1
765,0,0,0,0,0,0,0,0
766,0,0,0,0,0,0,0,0
767,0,0,0,0,0,0,0,0
768,1,0,0,0,1,0,0,1
769,1,1,1,1,1,1,1,1
770,1,0,0,0,1,0,1,1
771,1,0,0,1,1,1,1,1
772,0,0,0,0,0,0,0,0
773,0,0,0,0,0,0,0,0
774,0,0,0,0,0,0,0,0
775,0,0,0,0,0,0,0,0
776,0,0,0,0,0,0,0,0
777,0,0,0,0,0,0,0,0
778,0,0,0,0,0,0,0,0
779,1,0,0,0,0,0,1,1
780,1,0,0,0,1,1,1,1
781,0,0,0,1,1,1,0,0
782,0,0,0,0,0,0,0,0
783,1,0,0,1,0,0,0,1
784,1,0,0,0,0,0,1,1
785,0,0,1,0,0,1,1,0
786,0,0,0,0,0,0,0,0
787,1,1,1,0,0,0,0,1
788,0,0,0,0,0,0,0,0
789,1,0,0,1,1,1,1,1
790,0,0,0,0,0,0,0,0
791,0,0,0,0,0,1,0,0
792,1,1,1,0,0,1,1,1
793,0,0,1,0,0,1,1,0
794,1,1,1,0,0,0,1,1
795,1,0,1,0,0,0,1,1
796,0,0,0,0,0,1,1,0
797,1,0,1,1,1,1,1,1
798,0,0,0,0,0,1,0,0
799,1,0,0,0,0,0,1,1
800,0,0,0,0,0,0,0,0
801,0,0,0,0,0,0,0,0
802,1,1,0,0,1,1,0,1
803,0,0,0,0,0,0,0,0
804,0,0,0,0,0,0,0,0
805,0,0,0,1,0,0,0,0
806,0,0,0,1,0,1,0,0
807,0,0,0,0,0,0,0,0
808,0,0,0,0,0,0,0,0
809,0,0,0,0,0,0,0,0
810,0,1,0,1,1,0,0,0
811,0,0,1,0,0,0,0,0
812,1,0,0,1,1,1,1,1
813,0,1,1,0,0,0,0,0
814,1,0,0,0,0,1,1,1
815,1,0,0,1,1,1,1,1
816,0,0,0,0,1,1,1,0
817,1,1,1,1,1,1,1,1
818,0,0,0,0,0,0,0,0
819,0,0,0,0,0,0,0,0
820,0,1,1,1,1,1,1,0
821,0,0,0,0,0,0,0,0
822,1,0,0,1,1,1,1,1
823,0,0,1,0,0,0,0,0
824,1,1,1,0,0,0,1,1
825,1,0,0,1,0,1,1,1
826,0,0,0,0,0,0,0,0
827,0,0,0,0,0,0,0,0
828,0,0,0,0,0,0,0,0
829,1,0,0,1,1,1,0,1
830,0,0,0,0,0,0,0,0
831,1,0,0,1,0,0,0,1
832,1,1,1,1,1,1,1,1
833,0,1,1,1,1,1,0,0
834,0,0,0,0,0,0,0,0
835,0,0,0,0,0,0,0,0
836,0,0,0,0,0,0,0,0
837,0,1,1,1,0,0,0,0
838,1,1,1,1,1,1,1,1
839,1,0,1,0,1,0,0,1
840,0,0,1,0,0,0,0,0
841,1,1,1,0,1,1,1,1
842,0,0,0,0,0,0,0,0
843,0,0,0,0,0,0,0,0
844,0,0,0,0,0,0,0,0
845,0,0,0,0,0,0,0,0
846,0,0,0,0,0,0,0,0
847,1,0,0,0,1,0,0,1
848,0,0,1,0,0,0,0,0
849,0,0,0,0,0,0,0,0
850,1,0,0,1,1,1,1,1
851,0,0,0,0,0,0,0,0
852,1,1,1,0,1,0,0,1
853,0,0,0,0,0,0,0,0
854,0,1,1,0,1,1,1,0
855,0,0,0,0,0,0,0,0
856,1,1,1,1,0,1,1,1
857,0,0,0,0,0,0,0,0
858,0,0,0,0,0,0,0,0
859,0,1,0,0,0,0,0,0
860,1,0,0,1,1,0,1,1
861,0,0,0,1,0,0,0,0
862,0,0,0,1,0,1,0,0
863,0,0,0,0,0,0,0,0
864,1,0,1,0,1,1,1,1
865,0,0,0,1,0,0,1,0
866,0,0,0,0,1,1,0,0
867,0,0,0,0,0,0,0,0
868,0,0,0,0,0,0,0,0
869,0,0,0,0,1,0,0,0
870,0,0,0,1,0,0,0,0
871,0,1,0,0,0,0,0,0
872,1,0,0,1,0,0,1,1
873,0,0,0,0,0,0,0,0
874,0,0,1,0,0,0,0,0
875,0,0,0,0,0,0,0,0
876,0,0,0,0,0,0,0,0
877,0,1,1,1,1,0,0,0
878,0,0,0,0,0,0,0,0
879,0,0,0,0,0,0,0,0
880,0,0,0,0,0,0,0,0
881,0,0,0,0,0,0,0,0
882,0,0,0,0,0,0,0,0
883,0,0,0,0,0,0,0,0
884,0,1,0,0,0,0,0,0
885,0,0,0,0,0,0,0,0
886,0,0,0,0,0,0,0,0
887,1,1,1,0,0,0,1,1
888,0,0,0,0,0,0,0,0
889,0,0,0,0,0,0,0,0
890,0,0,0,0,0,0,0,0
891,1,0,0,0,1,1,1,1
892,1,0,0,1,1,1,1,1
893,0,0,0,0,0,0,0,0
894,0,0,0,0,0,0,0,0
895,0,0,0,0,0,0,0,0
896,1,1,1,1,1,1,1,1
897,1,1,1,1,1,1,1,1
898,1,0,0,0,1,1,1,1
899,1,1,1,1,1,1,1,1
900,1,0,0,1,1,1,1,1
901,0,0,0,0,0,0,0,0
902,0,0,0,0,0,0,0,0
903,0,0,0,0,0,1,0,0
904,0,0,0,0,0,0,0,0
905,1,1,1,0,0,0,0,1
906,0,0,0,0,0,0,0,0
907,1,0,0,0,1,1,1,1
908,0,0,0,0,0,0,0,0
909,0,0,0,0,0,0,0,0
910,1,1,0,1,1,1,1,1
911,0,0,0,0,0,0,0,0
912,0,0,0,0,1,0,0,0
913,0,0,0,0,0,0,0,0
914,1,1,0,0,1,1,1,1
915,0,0,0,0,0,0,0,0
916,0,0,0,0,0,0,0,0
917,0,0,0,0,1,0,0,0
918,1,1,1,1,1,1,1,1
919,1,1,1,1,1,1,1,1
920,0,0,0,0,0,0,0,0
921,0,0,0,0,0,0,0,0
922,1,1,0,1,1,1,1,1
923,1,1,1,0,1,1,1,1
924,1,1,1,1,1,1,1,1
925,1,1,0,1,1,1,1,1
926,1,1,1,1,1,1,1,1
927,0,0,0,0,0,0,0,0
928,1,1,0,1,1,1,1,1
929,0,1,1,1,0,1,0,0
930,1,0,0,0,0,1,0,1
931,0,0,0,0,0,1,0,0
932,0,0,0,0,0,0,0,0
933,0,0,0,0,0,0,0,0
934,0,0,0,0,0,0,0,0
935,1,0,1,0,0,1,1,1
936,0,0,0,1,1,1,1,0
937,1,1,1,0,0,0,0,1
938,0,0,0,0,0,0,0,0
939,0,0,0,0,0,0,0,0
940,0,0,0,0,0,0,0,0
941,0,1,1,0,0,0,0,0
942,1,1,1,0,1,1,1,1
943,0,0,0,1,0,0,0,0
944,0,1,0,0,0,0,0,0
945,0,0,0,0,0,0,0,0
946,1,0,0,0,1,0,0,1
947,0,0,0,0,0,0,0,0
948,0,0,0,0,0,0,0,0
949,1,0,0,1,1,1,1,1
950,0,0,0,0,0,0,0,0
951,0,0,0,0,0,0,0,0
952,1,0,0,0,0,0,1,1
953,1,1,1,1,1,1,1,1
954,1,0,0,0,0,1,1,1
955,1,1,1,0,0,1,0,1
956,0,0,0,0,0,1,1,0
957,0,0,0,1,1,0,0,0
958,1,0,0,1,1,1,1,1
959,0,0,0,0,0,1,1,0
960,1,0,0,0,1,1,1,1
961,1,1,1,0,1,1,0,1
962,0,1,1,0,1,0,0,0
963,0,0,0,0,0,0,0,0
964,0,0,0,0,0,0,0,0
965,1,1,1,1,1,1,1,1
966,1,0,0,1,1,0,0,1
967,0,1,1,1,1,0,0,0
968,0,0,0,0,0,0,0,0
969,0,0,0,0,0,0,0,0
970,0,1,1,1,0,0,0,0
971,0,0,0,0,0,0,0,0
972,0,0,0,0,0,0,0,0
973,0,0,0,0,0,0,0,0
974,0,0,0,0,0,0,0,0
975,0,0,0,0,0,0,0,0
976,0,0,0,0,0,0,0,0
977,0,0,0,0,0,0,0,0
978,0,0,0,0,0,0,0,0
979,0,0,0,0,0,0,0,0
980,0,0,0,0,0,0,0,0
981,0,0,0,0,0,0,0,0
982,0,0,0,0,0,0,0,0
983,1,0,0,1,0,1,0,1
984,0,0,0,0,0,0,0,0
985,0,0,0,0,0,0,0,0
986,0,0,0,0,0,0,0,0
987,0,0,0,0,0,0,0,0
988,0,0,0,0,0,0,0,0
989,0,0,0,0,0,0,0,0
990,0,0,0,0,0,0,0,0
991,0,0,0,0,0,0,0,0
992,0,0,0,0,0,0,0,0
993,0,0,0,0,0,0,0,0
994,0,0,0,1,0,0,0,0
995,0,0,0,0,0,0,0,0
996,1,0,0,0,1,1,1,1
997,1,1,1,1,1,1,1,1
998,0,0,0,0,0,0,0,0
999,0,0,0,0,0,0,0,0
1000,0,0,0,1,0,0,0,0
1001,0,1,0,1,0,0,0,0
1002,1,0,0,1,0,0,1,1
1003,0,0,0,0,0,0,0,0
1004,1,0,0,0,1,0,0,1
1005,1,0,0,0,0,1,1,1
1006,1,0,0,1,1,1,1,1
1007,0,0,0,0,0,0,0,0
1008,0,0,0,0,0,0,0,0
1009,1,0,1,0,1,1,1,1
1010,0,0,0,0,0,0,0,0
1011,1,0,0,0,0,0,1,1
1012,0,0,0,0,0,0,0,0
1013,0,0,0,0,0,0,0,0
1014,0,0,0,0,0,0,0,0
1015,0,0,0,0,0,0,0,0
1016,1,0,0,0,1,0,0,1
1017,0,0,0,0,0,0,0,0
1018,0,0,0,0,0,0,0,0
1019,0,0,0,0,0,0,0,0
1020,0,0,0,0,0,0,0,0
1021,0,0,0,0,0,0,0,0
1022,0,0,0,0,0,0,0,0
1023,0,0,0,0,0,0,0,0
1024,0,0,0,0,0,0,0,0
1025,0,0,0,0,0,0,0,0
1026,0,0,0,0,0,0,0,0
1027,0,0,0,0,0,0,0,0
1028,1,0,0,0,0,1,1,1
1029,1,0,0,0,0,1,1,1
1030,0,0,0,0,0,0,0,0
1031,1,1,1,1,1,1,1,1
1032,0,0,0,0,0,0,0,0
1033,0,0,0,0,0,0,0,0
1034,1,1,1,1,0,1,1,1
1035,0,0,0,0,0,0,0,0
1036,0,1,1,0,0,0,0,0
1037,0,0,0,0,0,0,0,0
1038,0,0,0,0,0,0,0,0
1039,0,0,0,0,0,0,0,0
1040,0,0,0,0,0,0,0,0
1041,1,0,0,0,0,1,1,1
1042,0,0,0,0,0,0,0,0
1043,0,0,0,0,0,0,0,0
1044,0,0,0,0,0,0,0,0
1045,0,0,0,0,1,1,1,0
1046,0,0,0,0,0,0,0,0
1047,0,0,0,0,0,0,0,0
1048,1,1,1,1,0,0,1,1
1049,1,1,1,1,1,1,1,1
1050,0,1,0,0,0,0,0,0
1051,0,1,1,1,1,1,0,0
1052,0,0,1,1,1,1,1,0
1053,1,0,1,0,0,0,1,1
1054,0,0,0,0,0,0,0,0
1055,0,0,0,0,0,0,0,0
1056,1,0,0,0,0,0,0,1
1057,1,0,0,0,1,1,0,1
1058,1,1,1,0,0,1,1,1
1059,0,0,0,0,0,0,0,0
1060,0,0,0,0,0,0,0,0
1061,0,0,0,0,0,0,0,0
1062,0,0,0,0,0,0,0,0
1063,0,0,0,0,0,0,0,0
1064,1,1,1,1,1,1,1,1
1065,0,0,0,0,0,0,0,0
1066,1,1,1,1,1,1,1,1
1067,0,0,0,0,0,0,0,0
1068,0,0,0,0,0,0,1,0
1069,1,0,0,0,0,0,1,1
1070,1,1,0,1,1,1,1,1
1071,0,1,1,0,0,0,1,0
1072,0,1,0,0,0,0,0,0
1073,0,0,0,1,1,0,1,0
1074,1,0,0,1,1,1,1,1
1075,1,0,1,0,0,1,1,1
1076,0,0,0,0,0,0,0,0
1077,1,1,1,1,0,1,1,1
1078,1,1,1,1,1,1,1,1
1079,1,1,1,1,1,1,1,1
1080,0,0,0,0,0,0,0,0
1081,0,0,0,0,1,0,0,0
1082,1,1,1,1,1,1,1,1
1083,1,1,1,1,1,1,1,1
1084,0,0,0,0,1,0,0,0
1085,1,0,1,1,1,1,1,1
1086,0,0,0,0,0,0,0,0
1087,1,0,0,1,1,1,1,1
1088,0,1,0,1,0,0,0,0
1089,0,0,1,0,0,0,0,0
1090,1,0,0,0,1,0,1,1
1091,0,0,0,0,0,0,0,0
1092,0,0,0,0,1,0,0,0
1093,1,1,1,1,1,1,1,1
1094,1,0,0,1,1,0,1,1
1095,0,0,0,0,0,0,0,0
1096,1,0,0,0,1,1,1,1
1097,1,1,1,0,1,1,1,1
1098,0,0,0,0,0,0,0,0
1099,1,1,1,1,0,0,1,1
1100,1,0,1,1,1,1,1,1
1101,0,0,0,0,0,0,0,0
1102,0,0,1,0,0,0,0,0
1103,0,0,0,0,0,0,0,0
1104,1,1,0,1,1,1,1,1
1105,1,0,0,0,0,1,1,1
1106,0,1,1,0,0,0,0,0
1107,0,0,1,0,1,1,1,0
1108,0,1,1,0,0,0,1,0
1109,1,1,1,1,1,1,1,1
1110,0,0,0,0,0,0,0,0
1111,1,1,1,1,1,1,1,1
1112,1,1,1,1,1,1,1,1
1113,0,0,0,0,0,0,0,0
1114,0,0,0,0,0,0,0,0
1115,1,1,0,0,0,0,0,1
1116,0,0,0,0,0,0,0,0
1117,0,0,0,0,0,0,0,0
1118,0,0,0,0,0,0,0,0
1119,0,0,0,0,0,0,0,0
1120,0,0,0,0,0,0,0,0
1121,0,0,0,0,0,0,0,0
1122,0,0,0,0,0,0,0,0
1123,0,0,0,0,0,0,0,0
1124,0,0,0,0,1,0,1,0
1125,0,1,1,1,1,1,1,0
1126,0,1,0,1,1,1,0,0
1127,0,0,0,1,0,1,1,0
1128,0,0,1,0,0,0,0,0
1129,0,0,0,0,0,0,0,0
1130,1,0,0,0,0,0,1,1
1131,1,1,1,1,1,1,1,1
1132,0,1,1,1,0,0,0,0
1133,0,0,1,0,0,1,0,0
1134,0,0,0,0,0,0,0,0
1135,1,1,1,1,0,0,1,1
1136,1,0,0,0,0,0,0,1
1137,1,1,1,1,1,1,1,1
1138,0,0,0,0,0,0,0,0
1139,1,0,1,0,1,1,1,1
1140,0,0,0,0,0,0,0,0
1141,0,0,0,0,0,0,1,0
1142,0,0,0,0,0,0,1,0
1143,0,0,0,0,0,0,0,0
1144,1,0,0,1,1,1,1,1
1145,0,0,0,0,0,0,0,0
1146,0,0,0,0,0,0,0,0
1147,0,0,1,0,0,0,0,0
1148,0,0,0,1,1,1,1,0
1149,0,0,0,0,0,0,1,0
1150,1,0,1,0,1,1,1,1
1151,0,0,0,0,0,0,0,0
1152,1,0,0,0,0,1,0,1
1153,0,0,0,0,0,0,0,0
1154,0,1,1,0,1,0,0,0
1155,0,0,0,0,0,0,0,0
1156,0,0,0,0,1,0,0,0
1157,0,0,1,0,0,0,0,0
1158,0,1,1,0,0,0,0,0
1159,1,0,0,0,0,0,1,1
1160,1,0,0,0,1,1,1,1
1161,0,0,0,0,0,0,0,0
1162,0,0,0,0,0,0,0,0
1163,1,0,0,0,0,0,1,1
1164,0,0,0,0,0,0,0,0
1165,0,0,0,0,0,0,0,0
1166,0,0,0,0,0,0,0,0
1167,1,1,0,0,0,1,0,1
1168,0,0,0,0,0,0,0,0
1169,0,0,0,0,0,0,0,0
1170,0,0,0,0,0,0,0,0
1171,1,0,0,1,1,1,1,1
1172,1,0,0,1,1,1,1,1
1173,0,0,1,0,0,1,1,0
1174,0,1,1,0,0,0,0,0
1175,1,1,1,0,1,0,0,1
1176,1,1,1,1,1,1,1,1
1177,0,1,1,1,1,1,1,0
1178,0,0,0,0,0,0,0,0
1179,0,0,0,1,1,1,0,0
1180,1,0,0,0,0,0,1,1
1181,1,0,0,1,1,1,1,1
1182,0,0,0,0,0,0,1,0
1183,0,0,0,0,0,0,0,0
1184,0,0,0,0,0,0,0,0
1185,0,0,0,0,0,0,0,0
1186,0,1,1,0,0,1,0,0
1187,1,0,0,0,1,0,0,1
1188,0,0,0,0,0,0,0,0
1189,0,0,0,0,0,0,0,0
1190,1,1,1,1,1,0,0,1
1191,0,0,0,0,0,0,0,0
1192,0,0,0,0,0,0,0,0
1193,0,0,0,0,0,0,0,0
1194,0,1,1,1,0,0,0,0
1195,0,0,0,0,0,0,0,0
1196,0,0,0,0,0,0,0,0
1197,1,1,1,1,1,1,1,1
1198,0,0,0,0,0,0,0,0
1199,0,0,0,0,0,0,0,0
1200,0,0,0,0,0,0,0,0
1201,1,0,0,0,1,1,1,1
1202,1,0,0,1,0,1,1,1
1203,0,0,0,0,0,0,0,0
1204,1,0,0,0,1,0,1,1
1205,0,0,0,0,0,0,0,0
1206,0,0,0,0,0,0,0,0
1207,1,0,0,1,1,1,1,1
1208,0,0,0,0,0,0,0,0
1209,0,0,0,0,0,0,0,0
1210,0,0,1,0,1,1,0,0
1211,1,0,1,1,0,0,0,1
1212,0,1,1,0,0,1,0,0
1213,0,1,1,0,0,0,0,0
1214,0,0,0,0,0,0,0,0
1215,0,0,0,0,0,0,0,0
1216,0,0,0,0,0,0,0,0
1217,0,0,0,1,0,0,0,0
1218,0,0,0,0,0,0,0,0
1219,0,0,0,0,0,0,0,0
1220,0,0,0,0,0,0,0,0
1221,0,0,0,0,0,0,0,0
1222,0,1,0,1,0,0,0,0
1223,0,0,0,0,0,0,0,0
1224,0,0,0,0,0,0,0,0
1225,0,0,0,0,0,0,0,0
1226,0,0,0,0,0,0,0,0
1227,0,0,0,0,0,0,0,0
1228,0,0,0,0,0,0,0,0
1229,1,0,0,0,1,1,0,1
1230,0,0,0,0,0,0,0,0
1231,0,0,0,0,0,0,0,0
1232,1,1,1,1,1,1,1,1
1233,0,0,0,0,0,0,0,0
1234,1,0,0,1,0,0,0,1
1235,0,0,0,0,0,0,0,0
1236,0,0,0,0,0,0,0,0
1237,0,0,0,0,0,0,0,0
1238,0,1,1,0,0,0,0,0
1239,0,0,0,0,0,0,0,0
1240,1,0,0,1,1,0,0,1
1241,0,0,0,1,1,0,0,0
1242,0,0,1,0,0,0,0,0
1243,0,0,0,0,0,0,0,0
1244,1,0,0,0,0,0,0,1
1245,0,0,0,0,0,0,0,0
1246,0,0,0,0,0,0,0,0
1247,1,0,0,1,1,1,1,1
1248,1,1,1,1,0,1,0,1
1249,0,1,0,1,1,0,0,0
1250,0,0,1,0,0,0,0,0
1251,0,0,0,0,0,0,0,0
1252,0,0,0,0,0,0,0,0
1253,0,0,0,0,0,0,0,0
1254,0,0,0,0,0,0,0,0
1255,0,0,0,0,0,0,0,0
1256,0,0,0,0,0,0,0,0
1257,0,0,0,0,0,0,0,0
1258,0,0,0,0,0,0,0,0
1259,0,1,0,1,1,0,1,0
1260,0,1,1,0,0,0,0,0
1261,1,0,0,0,0,0,0,1
1262,0,0,0,0,0,0,0,0
1263,0,0,0,0,0,0,0,0
1264,0,1,1,1,1,1,0,0
1265,0,0,0,0,0,0,0,0
1266,0,0,0,0,0,0,0,0
1267,0,0,0,1,0,0,0,0
1268,1,1,1,0,0,0,1,1
1269,0,0,0,0,0,0,0,0
1270,0,0,0,0,0,0,0,0
1271,0,0,0,0,0,0,0,0
1272,1,0,0,0,1,1,1,1
1273,0,0,0,0,0,0,0,0
1274,0,0,0,0,0,0,0,0
1275,0,0,0,0,0,0,0,0
1276,0,0,0,0,0,0,0,0
1277,0,0,0,0,0,0,0,0
1278,0,0,0,0,0,0,0,0
1279,0,0,0,0,0,0,0,0
1280,1,0,0,0,0,0,0,1
1281,0,0,0,0,0,0,0,0
1282,0,0,0,0,0,0,0,0
1283,0,0,0,0,0,0,0,0
1284,0,1,1,0,0,0,0,0
1285,0,0,0,0,0,0,0,0
1286,0,0,0,0,0,0,0,0
1287,0,0,0,0,0,0,0,0
1288,0,0,0,0,0,0,0,0
1289,0,0,0,0,0,0,0,0
1290,0,0,0,0,0,0,0,0
1291,0,0,0,0,0,0,0,0
1292,1,0,0,0,0,0,1,1
1293,0,0,0,0,0,0,0,0
1294,0,0,0,1,1,1,0,0
1295,0,0,0,0,0,0,0,0
1296,0,0,0,0,0,0,0,0
1297,0,0,1,1,0,0,0,0
1298,1,0,0,0,1,1,1,1
1299,0,0,0,0,0,0,0,0
1300,0,0,0,0,0,0,0,0
1301,0,0,0,0,0,0,0,0
1302,0,0,0,0,0,0,0,0
1303,0,1,0,1,0,0,0,0
1304,0,0,0,0,0,0,0,0
1305,0,0,0,0,0,0,0,0
1306,0,0,0,0,1,0,0,0
1307,0,0,0,0,0,0,0,0
1308,0,0,0,0,0,0,0,0
1309,0,0,0,0,1,1,1,0
1310,1,0,0,0,1,1,1,1
1311,0,0,0,0,0,0,0,0
1312,0,0,0,0,0,0,0,0
1313,0,0,0,0,0,0,0,0
1314,0,0,0,0,0,0,0,0
1315,1,1,1,1,1,1,1,1
1316,0,1,1,0,1,1,0,0
1317,1,1,0,1,1,0,1,1
1318,1,0,1,0,1,0,0,1
1319,1,1,1,1,1,1,1,1
1320,0,0,0,0,0,0,1,0
1321,0,0,0,0,0,0,0,0
1322,0,1,0,0,1,1,0,0
1323,1,0,0,0,0,0,1,1
1324,1,0,0,0,0,1,1,1
1325,1,0,0,0,0,1,1,1
1326,0,0,0,0,0,0,0,0
1327,1,0,1,0,1,0,1,1
1328,0,1,1,1,0,0,0,0
1329,0,1,0,1,0,0,0,0
1330,0,0,0,1,0,1,0,0
1331,1,0,0,1,1,0,1,1
1332,0,0,0,0,0,0,0,0
1333,0,1,1,1,0,0,1,0
1334,1,0,1,0,1,1,1,1
1335,1,1,1,0,0,1,1,1
1336,0,0,0,0,0,0,0,0
1337,1,0,0,1,1,1,1,1
1338,0,0,0,1,0,0,0,0
1339,1,0,0,0,0,1,1,1
1340,1,0,0,0,0,1,1,1
1341,1,0,1,1,1,1,1,1
1342,0,0,0,0,0,0,0,0
1343,0,0,0,0,0,0,0,0
1344,0,1,0,0,0,0,0,0
1345,0,0,0,1,1,0,0,0
1346,1,0,0,0,1,0,1,1
1347,1,1,1,0,1,0,0,1
1348,0,0,0,0,0,0,0,0
1349,1,1,1,1,1,1,1,1
1350,1,1,1,1,1,1,1,1
1351,0,1,1,0,0,0,0,0
1352,1,0,0,1,1,1,0,1
1353,0,1,0,0,0,0,0,0
1354,1,1,1,1,1,1,1,1
1355,0,0,0,0,0,0,0,0
1356,0,0,0,0,0,0,0,0
1357,0,0,0,0,0,0,0,0
1358,0,0,0,0,0,0,0,0
1359,0,0,0,0,0,1,0,0
1360,1,1,1,1,1,1,1,1
1361,0,0,0,0,0,0,0,0
1362,0,0,0,0,0,0,0,0
1363,1,0,0,0,0,1,1,1
1364,0,0,0,0,0,0,0,0
1365,1,0,0,0,1,0,1,1
1366,0,0,0,0,0,0,0,0
1367,1,0,0,0,0,0,0,1
1368,0,0,0,0,0,0,0,0
1369,1,0,1,1,1,1,1,1
1370,0,0,0,0,0,0,0,0
1371,0,0,0,0,0,0,0,0
1372,0,0,0,0,0,1,1,0
1373,0,0,0,0,0,0,0,0
1374,1,1,0,1,1,1,1,1
1375,0,0,0,0,0,0,0,0
1376,0,0,0,0,0,0,0,0
1377,0,0,0,0,0,0,0,0
1378,1,0,1,0,0,1,0,1
1379,0,0,0,0,0,0,0,0
1380,0,0,0,0,0,0,0,0
1381,1,1,1,1,1,1,1,1
1382,0,0,0,0,0,0,0,0
1383,0,0,1,0,0,0,0,0
1384,0,0,0,0,1,1,0,0
1385,1,0,0,1,1,1,1,1
1386,1,0,1,1,1,1,1,1
1387,1,0,0,0,0,1,1,1
1388,0,1,1,0,0,0,0,0
1389,0,1,0,0,0,0,0,0
1390,0,0,0,0,0,1,0,0
1391,1,0,0,0,0,1,0,1
1392,0,0,0,1,1,1,0,0
1393,1,1,1,1,1,0,1,1
1394,1,0,0,0,0,0,1,1
1395,0,1,1,1,0,0,0,0
1396,0,0,0,0,0,0,0,0
1397,1,0,0,0,0,0,0,1
1398,0,0,0,0,0,0,0,0
1399,0,1,1,1,1,1,0,0
1400,0,1,0,0,0,0,0,0
1401,0,0,1,0,0,0,1,0
1402,1,1,1,1,1,1,1,1
1403,0,0,0,0,0,0,0,0
1404,0,0,0,1,0,1,1,0
1405,0,0,0,0,0,0,0,0
1406,1,0,0,0,1,0,1,1
1407,1,1,1,1,1,1,1,1
1408,1,0,0,0,0,0,1,1
1409,0,1,0,0,0,1,1,0
1410,0,0,0,1,0,1,0,0
1411,1,1,1,1,1,1,1,1
1412,1,0,0,0,0,1,1,1
1413,0,0,0,0,0,0,0,0
1414,1,1,1,1,1,0,1,1
1415,1,0,0,1,1,1,0,1
1416,0,0,0,0,0,0,0,0
1417,0,0,0,1,1,1,0,0
1418,1,1,1,0,1,1,1,1
1419,0,0,0,0,0,0,1,0
1420,1,0,0,1,0,1,1,1
1421,0,0,0,1,0,0,0,0
1422,0,0,0,0,0,0,0,0
1423,0,0,0,0,0,0,0,0
1424,0,1,0,0,1,0,0,0
1425,1,0,0,0,0,1,1,1
1426,0,0,0,0,0,0,0,0
1427,0,0,0,0,0,0,0,0
1428,0,0,0,0,0,0,0,0
1429,0,0,0,0,0,0,0,0
1430,0,0,0,0,0,0,0,0
1431,0,0,0,0,0,0,0,0
1432,0,0,0,0,0,0,0,0
1433,1,1,0,0,1,1,0,1
1434,0,0,0,1,0,0,0,0
1435,1,0,0,0,1,1,1,1
1436,1,0,0,0,0,1,1,1
1437,1,1,1,1,1,1,1,1
1438,0,0,0,0,0,0,1,0
1439,1,0,1,0,0,1,1,1
1440,1,0,0,0,0,1,1,1
1441,0,0,0,1,0,0,0,0
1442,0,1,0,0,0,1,0,0
1443,1,0,0,0,0,0,1,1
1444,1,1,1,1,1,1,1,1
1445,0,0,0,0,0,0,0,0
1446,1,0,0,0,0,0,0,1
1447,0,0,0,0,0,0,0,0
1448,0,0,0,0,0,0,0,0
1449,0,0,0,0,0,0,0,0
1450,0,1,1,1,0,0,0,0
1451,0,0,0,0,0,0,0,0
1452,0,0,0,0,0,0,0,0
1453,0,0,0,0,0,0,0,0
1454,0,0,0,0,0,0,0,0
1455,0,0,0,0,0,0,0,0
1456,0,0,0,0,0,0,0,0
1457,0,0,0,0,0,0,0,0
1458,0,0,0,0,0,0,0,0
1459,0,0,0,0,0,0,0,0
1460,0,0,0,0,0,0,0,0
1461,0,0,0,0,0,0,0,0
1462,0,0,0,0,0,0,0,0
1463,0,0,0,0,0,0,0,0
1464,0,0,0,0,0,0,0,0
1465,1,1,1,0,0,0,1,1
1466,0,0,0,0,0,0,0,0
1467,0,0,0,0,0,0,0,0
1468,1,0,1,1,1,1,1,1
1469,0,0,0,0,0,0,1,0
1470,0,0,0,0,0,0,0,0
1471,0,0,0,0,0,0,1,0
1472,0,0,0,0,0,0,0,0
1473,0,0,0,0,0,0,0,0
1474,0,0,0,0,0,0,0,0
1475,0,0,0,0,0,0,0,0
1476,0,0,0,0,0,0,0,0
1477,0,0,0,0,0,0,0,0
1478,0,0,0,0,0,0,0,0
1479,0,0,0,0,0,0,0,0
1480,0,0,0,0,0,0,0,0
1481,0,0,0,0,0,0,0,0
1482,0,0,0,0,0,0,0,0
1483,0,0,0,0,0,0,0,0
1484,0,0,0,0,0,0,0,0
1485,0,0,0,0,0,0,0,0
1486,0,0,0,0,0,0,0,0
1487,1,1,1,1,1,1,1,1
1488,0,0,0,0,0,0,0,0
1489,1,0,1,1,0,1,1,1
1490,1,0,1,1,1,1,1,1
1491,1,0,0,0,0,0,1,1
1492,0,0,0,0,0,0,0,0
1493,0,0,0,0,0,0,0,0
1494,0,0,0,0,0,0,0,0
1495,1,1,1,1,1,1,1,1
1496,0,0,1,1,1,1,0,0
1497,0,0,0,0,0,0,0,0
1498,1,0,0,0,0,0,0,1
1499,0,0,0,0,0,0,0,0
1500,0,0,0,0,0,0,0,0
1501,0,0,0,0,0,0,0,0
1502,0,0,0,0,0,0,0,0
1503,0,0,0,0,0,0,0,0
1504,0,0,0,0,0,0,0,0
1505,0,0,0,0,0,0,0,0
1506,1,0,0,0,1,1,1,1
1507,0,0,0,0,0,0,0,0
1508,0,1,0,0,0,0,0,0
1509,0,0,0,0,0,0,0,0
1510,0,0,0,0,0,0,0,0
1511,0,0,0,0,0,0,0,0
1512,0,0,0,0,0,0,0,0
1513,0,0,0,0,0,0,0,0
1514,0,0,0,0,0,0,0,0
1515,0,0,0,0,0,0,0,0
1516,0,0,0,0,0,0,0,0
1517,0,0,0,0,0,0,0,0
1518,0,0,0,0,0,0,0,0
1519,0,0,0,0,0,0,0,0
1520,0,0,0,0,0,0,0,0
1521,0,0,0,0,0,0,0,0
1522,0,0,0,0,0,0,0,0
1523,0,0,0,0,0,0,0,0
1524,0,0,0,0,0,0,0,0
1525,0,0,0,0,0,0,0,0
1526,0,0,0,0,0,0,0,0
1527,0,0,0,0,0,0,0,0
1528,0,0,0,0,0,0,0,0
1529,0,0,0,0,0,0,0,0
1530,0,0,0,0,0,0,0,0
1531,0,0,0,0,0,0,0,0
1532,0,0,0,0,0,0,1,0
1533,1,0,0,0,0,0,1,1
1534,0,0,1,0,0,0,0,0
1535,0,0,0,0,0,0,0,0
1536,1,0,0,0,0,0,1,1
1537,0,1,1,1,1,1,0,0
1538,0,1,0,1,1,0,0,0
1539,0,0,0,0,0,0,0,0
1540,0,0,0,0,0,0,0,0
1541,0,0,0,0,0,0,0,0
1542,0,0,0,0,0,0,0,0
1543,0,0,0,0,0,0,0,0
1544,0,1,0,0,0,0,0,0
1545,0,0,0,0,0,0,0,0
1546,1,1,0,0,0,0,1,1
1547,1,0,0,0,0,0,1,1
1548,1,1,1,1,1,1,1,1
1549,0,0,0,0,0,0,0,0
1550,0,0,0,0,0,0,0,0
1551,0,1,0,0,0,0,0,0
1552,0,0,0,0,0,0,0,0
1553,0,0,0,0,0,0,0,0
1554,0,0,0,0,0,0,0,0
1555,0,0,0,0,0,0,0,0
1556,0,0,0,0,0,0,0,0
1557,0,1,1,1,1,1,0,0
1558,0,0,0,0,0,0,0,0
1559,0,0,0,0,0,0,0,0
1560,0,0,0,0,0,0,0,0
1561,0,0,0,0,0,0,0,0
1562,1,0,0,0,0,1,1,1
1563,0,0,0,0,0,0,1,0
1564,0,0,0,0,0,0,0,0
1565,0,0,0,0,0,0,0,0
1566,0,0,0,0,0,0,0,0
1567,0,0,0,0,0,0,0,0
1568,1,0,0,0,0,1,1,1
1569,0,0,0,0,0,0,0,0
1570,1,0,0,0,0,0,0,1
1571,0,0,0,0,0,0,0,0
1572,0,0,0,0,0,0,0,0
1573,0,0,0,0,0,0,0,0
1574,0,0,0,0,1,0,0,0
1575,0,0,0,0,0,1,0,0
1576,0,0,0,0,0,0,0,0
1577,0,0,0,0,0,0,0,0
1578,0,0,0,0,0,0,0,0
1579,0,0,0,0,0,1,1,0
1580,1,0,0,0,0,1,1,1
1581,1,0,1,1,1,1,1,1
1582,0,0,0,0,0,0,0,0
1583,0,0,0,1,1,0,0,0
1584,0,0,0,0,1,1,0,0
1585,0,0,0,0,0,0,0,0
1586,1,0,1,1,0,0,1,1
1587,0,0,0,0,0,0,0,0
1588,1,0,1,0,0,1,1,1
1589,0,0,0,0,0,0,0,0
1590,0,0,0,0,0,0,1,0
1591,1,0,0,0,0,1,0,1
1592,1,0,0,0,0,0,1,1
1593,0,0,0,0,0,0,0,0
1594,1,0,0,0,1,0,1,1
1595,0,0,0,0,0,0,1,0
1596,0,0,0,0,0,0,0,0
1597,0,0,0,1,0,0,1,0
1598,1,0,0,0,1,1,0,1
1599,1,0,0,1,0,0,0,1
1600,0,0,0,0,0,0,1,0
1601,0,0,0,0,0,0,0,0
1602,1,0,1,0,0,0,1,1
1603,0,0,0,0,0,0,0,0
1604,0,0,0,0,0,0,0,0
1605,0,0,0,0,0,0,0,0
1606,0,0,0,0,0,0,0,0
1607,0,0,0,0,0,0,0,0
1608,1,0,1,1,1,1,1,1
1609,0,0,0,0,0,0,0,0
1610,1,1,1,1,1,0,1,1
1611,0,0,0,0,0,0,0,0
1612,0,0,0,0,0,0,0,0
1613,0,1,0,0,1,0,0,0
1614,0,0,0,0,0,0,0,0
1615,0,0,0,0,0,0,0,0
1616,0,0,0,0,0,0,0,0
1617,0,0,0,0,0,0,0,0
1618,0,0,0,0,0,0,0,0
1619,0,0,0,0,0,0,0,0
1620,0,0,0,0,0,0,0,0
1621,0,0,0,0,0,0,0,0
1622,0,0,0,0,0,0,0,0
1623,0,0,0,0,0,0,0,0
1624,0,0,0,0,0,0,0,0
1625,0,0,0,0,0,0,0,0
1626,0,0,0,0,0,0,0,0
1627,0,0,0,0,0,0,0,0
1628,0,0,0,0,0,0,0,0
1629,0,0,0,0,0,0,0,0
1630,0,0,0,0,0,0,0,0
1631,0,0,0,0,0,0,0,0
1632,1,0,0,0,0,1,1,1
1633,0,0,0,0,0,0,0,0
1634,0,0,0,0,0,0,0,0
1635,0,0,0,0,0,0,0,0
1636,0,0,0,0,0,0,0,0
1637,1,1,1,1,1,1,1,1
1638,0,0,0,0,0,0,0,0
1639,0,0,0,0,0,0,0,0
1640,1,1,1,1,1,0,1,1
1641,0,0,0,0,0,0,0,0
1642,0,0,0,0,0,0,0,0
1643,1,0,1,0,0,1,1,1
1644,0,0,0,0,0,0,0,0
1645,1,0,0,0,0,0,0,1
1646,0,0,0,0,0,0,0,0
1647,0,0,0,0,0,0,0,0
1648,0,0,0,0,0,0,0,0
1649,1,0,0,0,1,0,1,1
1650,0,0,0,0,0,0,0,0
1651,1,0,0,0,1,1,1,1
1652,0,0,0,0,0,0,0,0
1653,1,0,0,0,0,0,1,1
1654,1,0,0,0,1,0,0,1
1655,0,0,0,0,0,0,0,0
1656,0,0,0,0,0,0,0,0
1657,0,0,0,0,0,0,0,0
1658,0,0,0,0,0,0,0,0
1659,1,0,0,0,0,0,1,1
1660,0,0,0,0,0,1,1,0
1661,0,0,0,0,0,0,0,0
1662,0,0,0,0,0,0,0,0
1663,0,0,0,0,0,0,0,0
1664,0,1,1,1,1,1,1,0
1665,1,0,1,1,1,1,1,1
1666,1,0,0,0,1,1,1,1
1667,1,0,0,0,1,1,1,1
1668,0,0,0,0,0,0,0,0
1669,1,0,1,1,1,1,1,1
1670,0,1,1,1,0,0,0,0
1671,0,0,0,0,0,0,0,0
1672,0,0,1,0,0,0,0,0
1673,0,1,0,1,1,0,1,0
1674,0,0,0,0,0,0,0,0
1675,1,0,0,0,0,1,1,1
1676,0,0,0,0,0,0,0,0
1677,0,0,0,0,0,0,0,0
1678,0,0,0,0,0,0,0,0
1679,0,0,0,0,1,1,1,0
1680,0,0,0,0,0,0,0,0
1681,1,1,1,1,1,1,1,1
1682,0,0,0,0,0,0,0,0
1683,0,0,0,0,0,0,0,0
1684,0,0,0,1,0,0,0,0
1685,1,0,1,0,0,0,1,1
1686,1,1,0,1,1,1,1,1
1687,1,0,0,0,0,0,1,1
1688,0,0,0,0,0,0,0,0
1689,0,0,0,0,0,1,1,0
1690,1,1,1,1,0,1,1,1
1691,0,0,0,0,0,0,0,0
1692,0,0,0,0,1,0,0,0
1693,0,0,0,0,0,0,0,0
1694,0,0,0,1,0,0,0,0
1695,0,0,0,0,0,0,0,0
1696,0,0,0,0,0,0,0,0
1697,0,0,0,0,0,0,0,0
1698,1,0,0,0,0,0,1,1
1699,0,0,0,0,0,0,0,0
1700,1,1,1,1,1,1,1,1
1701,0,0,0,0,0,0,0,0
1702,0,0,0,0,0,0,0,0
1703,0,0,0,0,0,0,0,0
1704,1,1,1,1,1,1,1,1
1705,0,0,0,0,0,0,0,0
1706,0,0,0,0,0,0,0,0
1707,0,0,0,0,0,0,0,0
1708,0,0,0,0,0,0,0,0
1709,0,0,0,0,0,0,0,0
1710,1,1,1,1,1,1,0,1
1711,0,0,0,0,0,0,0,0
1712,0,0,0,0,0,0,0,0
1713,1,0,0,0,0,0,0,1
1714,1,1,1,1,1,0,1,1
1715,1,1,1,1,1,0,1,1
1716,0,0,0,0,1,1,0,0
1717,0,0,0,0,0,0,0,0
1718,0,0,0,0,0,0,0,0
1719,0,0,0,0,0,0,0,0
1720,1,1,1,1,1,1,1,1
1721,1,1,1,1,1,1,1,1
1722,0,0,0,0,0,0,0,0
1723,0,0,0,0,0,0,0,0
1724,0,0,0,0,0,0,0,0
1725,0,0,0,0,0,0,0,0
1726,0,0,0,0,0,0,0,0
1727,0,0,0,0,0,0,0,0
1728,0,0,0,0,0,0,0,0
1729,0,0,0,0,0,0,0,0
1730,0,0,0,0,0,0,0,0
1731,0,0,0,0,0,0,0,0
1732,0,0,0,0,0,0,0,0
1733,0,0,0,0,0,0,0,0
1734,0,0,0,0,0,0,0,0
1735,0,0,0,0,0,0,0,0
1736,0,0,0,0,0,0,0,0
1737,0,0,0,0,0,0,0,0
1738,0,0,0,0,0,0,0,0
1739,0,1,1,1,1,1,0,0
1740,0,0,0,0,0,0,0,0
1741,0,0,0,0,0,0,0,0
1742,0,0,0,0,0,0,0,0
1743,1,1,1,0,1,1,1,1
1744,0,0,0,0,0,0,0,0
1745,1,0,0,0,0,0,1,1
1746,0,0,0,0,0,0,0,0
1747,0,0,0,0,0,0,0,0
1748,0,0,0,0,0,0,0,0
1749,0,0,0,0,0,0,0,0
1750,0,0,0,0,0,0,0,0
1751,0,0,0,0,0,0,0,0
1752,0,0,0,0,0,0,0,0
1753,0,0,0,0,0,0,0,0
1754,0,0,0,0,0,0,0,0
1755,0,0,0,0,0,0,0,0
1756,0,1,1,1,1,0,0,0
1757,0,0,0,0,0,0,0,0
1758,1,1,1,1,1,1,1,1
1759,0,0,0,0,0,0,0,0
1760,0,1,1,1,1,1,1,0
1761,0,0,0,0,0,0,0,0
1762,0,0,0,0,0,0,0,0
1763,0,0,0,0,0,0,0,0
1764,0,0,0,0,0,0,0,0
1765,0,0,0,0,0,0,0,0
1766,0,0,0,0,0,0,0,0
1767,0,0,0,0,0,0,0,0
1768,0,0,0,0,0,0,0,0
1769,0,0,0,0,0,0,0,0
1770,1,0,0,0,0,0,1,1
1771,0,0,0,0,0,0,0,0
1772,0,0,0,0,0,0,0,0
1773,0,0,0,0,0,0,0,0
1774,0,0,0,0,0,0,0,0
1775,0,0,0,0,0,0,0,0
1776,1,0,1,1,0,0,1,1
1777,0,0,0,0,0,0,0,0
1778,0,0,0,0,0,0,0,0
1779,1,0,0,0,0,1,0,1
1780,0,0,0,0,0,0,0,0
1781,1,0,0,0,0,0,0,1
1782,0,0,0,0,0,0,0,0
1783,0,0,0,0,0,0,0,0
1784,0,0,0,0,0,0,0,0
1785,0,0,0,0,0,0,0,0
1786,0,0,0,0,0,0,0,0
1787,0,0,0,0,0,0,0,0
1788,0,0,0,0,0,0,0,0
1789,0,0,0,0,0,0,0,0
1790,0,0,0,0,0,0,0,0
1791,0,0,0,0,0,0,0,0
1792,0,0,0,0,0,0,0,0
1793,0,0,0,0,0,0,0,0
1794,0,0,0,0,0,0,0,0
1795,0,0,0,0,0,0,0,0
1796,0,0,0,0,0,0,0,0
1797,0,1,0,0,0,0,0,0
1798,1,0,0,0,0,1,1,1
1799,1,0,1,1,1,1,1,1
1800,0,0,0,0,1,0,0,0
1801,0,0,0,0,0,0,0,0
1802,1,1,1,1,1,1,1,1
1803,0,0,0,0,0,0,0,0
1804,1,1,1,1,1,1,1,1
1805,1,0,0,1,0,0,1,1
1806,0,0,0,0,0,0,0,0
1807,1,1,1,1,1,1,1,1
1808,0,0,0,0,0,0,0,0
1809,0,0,0,0,0,0,0,0
1810,0,0,0,0,0,0,0,0
1811,0,0,0,0,0,0,0,0
1812,1,0,0,0,0,1,1,1
1813,0,0,0,0,0,0,0,0
1814,0,0,0,0,0,0,0,0
1815,0,0,0,0,0,0,0,0
1816,0,0,0,0,0,0,0,0
1817,0,0,0,0,0,0,0,0
1818,0,0,0,0,0,0,0,0
1819,1,0,0,0,1,1,1,1
1820,1,0,0,0,0,1,1,1
1821,0,0,0,0,0,0,0,0
1822,0,0,1,1,1,1,0,0
1823,0,0,0,0,0,0,0,0
1824,0,0,0,0,0,0,0,0
1825,0,0,0,0,0,0,0,0
1826,0,0,0,0,0,0,0,0
1827,0,0,0,0,0,1,0,0
1828,1,0,0,0,1,1,1,1
1829,0,0,0,0,0,0,0,0
1830,0,0,0,0,0,0,0,0
1831,0,0,0,0,0,0,0,0
1832,0,0,0,0,0,0,0,0
1833,0,1,0,0,0,0,0,0
1834,1,1,1,1,0,0,1,1
1835,0,0,0,0,0,1,0,0
1836,0,0,0,0,0,0,0,0
1837,1,0,0,1,0,1,1,1
1838,0,0,0,0,0,0,0,0
1839,0,0,0,0,0,0,0,0
1840,0,0,0,0,0,0,0,0
1841,0,0,0,0,0,0,0,0
1842,0,0,0,0,0,0,0,0
1843,0,0,0,0,0,0,0,0
1844,1,1,1,0,1,0,1,1
1845,0,0,1,1,0,0,0,0
1846,1,0,0,0,0,0,0,1
1847,0,0,0,1,0,1,0,0
1848,0,0,0,0,0,0,0,0
1849,0,0,0,0,0,0,0,0
1850,1,0,0,1,1,1,1,1
1851,0,0,0,0,1,1,1,0
1852,0,1,1,1,0,0,0,0
1853,0,0,0,0,0,0,0,0
1854,0,0,1,1,0,0,0,0
1855,1,0,1,1,1,0,1,1
1856,1,0,0,0,0,0,1,1
1857,0,0,0,0,0,0,0,0
1858,1,1,1,0,0,0,0,1
1859,0,0,0,0,0,0,0,0
1860,0,0,0,0,0,0,0,0
1861,0,0,1,0,1,0,0,0
1862,0,1,0,0,1,1,1,0
1863,0,0,0,0,0,0,0,0
1864,1,0,1,0,0,0,0,1
1865,1,1,1,1,0,1,1,1
1866,0,0,1,1,1,0,0,0
1867,1,0,0,0,0,0,1,1
1868,0,0,0,0,0,0,0,0
1869,0,0,0,0,0,1,0,0
1870,0,0,0,0,0,0,0,0
1871,0,0,0,0,0,0,0,0
1872,0,0,0,0,0,0,0,0
1873,0,0,0,0,0,0,0,0
1874,0,0,0,0,0,0,0,0
1875,0,0,0,0,0,0,0,0
1876,0,0,0,0,0,0,0,0
1877,0,0,0,0,0,0,0,0
1878,0,0,0,0,0,0,0,0
1879,0,0,0,0,0,0,0,0
1880,1,1,1,1,1,1,1,1
1881,0,0,0,0,0,0,0,0
1882,0,0,0,0,0,0,0,0
1883,0,0,0,0,0,0,0,0
1884,1,1,0,0,1,1,1,1
1885,0,0,0,0,0,0,0,0
1886,0,0,0,0,0,0,0,0
1887,0,0,0,0,0,0,0,0
1888,1,1,0,1,1,1,1,1
1889,0,0,0,0,0,0,0,0
1890,0,0,1,0,1,0,0,0
1891,0,0,0,0,0,0,0,0
1892,0,0,0,0,0,0,0,0
1893,1,0,0,0,0,0,1,1
1894,0,0,0,0,0,0,0,0
1895,0,0,0,0,0,0,0,0
1896,0,0,0,0,0,0,0,0
1897,0,0,0,0,0,0,0,0
1898,0,1,0,0,0,0,0,0
1899,0,0,0,0,0,0,0,0
1900,0,0,0,0,0,0,0,0
1901,0,0,0,0,0,0,0,0
1902,0,1,1,1,0,0,0,0
1903,0,1,0,1,1,1,0,0
1904,0,1,1,0,0,0,0,0
1905,0,0,0,0,0,0,0,0
1906,1,0,0,0,0,0,0,1
1907,0,0,0,0,0,0,0,0
1908,0,0,0,0,0,0,0,0
1909,0,0,0,0,0,0,0,0
1910,0,0,0,0,0,0,0,0
1911,0,0,0,0,0,0,0,0
1912,0,0,0,0,0,0,0,0
1913,0,0,0,0,0,0,0,0
1914,0,0,0,0,0,0,0,0
1915,0,0,0,0,0,0,0,0
1916,0,0,0,0,0,0,0,0
1917,1,0,0,0,0,0,1,1
1918,0,1,0,0,0,0,0,0
1919,1,1,0,1,1,0,1,1
1920,1,0,0,0,1,1,1,1
1921,0,0,0,0,0,0,0,0
1922,1,0,0,0,0,0,1,1
1923,1,1,0,0,1,1,1,1
1924,0,0,0,0,0,0,0,0
1925,0,0,0,0,0,0,0,0
1926,0,0,0,0,0,0,0,0
1927,1,0,0,0,1,1,1,1
1928,1,1,0,0,0,0,1,1
1929,1,0,1,1,1,1,1,1
1930,0,1,1,1,1,1,0,0
1931,0,0,0,0,0,0,0,0
1932,0,0,0,0,0,0,0,0
1933,0,0,1,1,0,1,0,0
1934,1,1,1,1,1,1,1,1
1935,0,0,0,1,0,0,0,0
1936,0,0,0,0,0,0,0,0
1937,0,0,0,0,0,0,0,0
1938,0,0,0,0,0,0,0,0
1939,0,0,0,0,0,0,0,0
1940,0,0,0,0,0,0,0,0
1941,0,0,0,0,0,0,0,0
1942,0,0,0,0,0,0,0,0
1943,0,0,0,0,0,1,0,0
1944,0,0,0,0,0,0,0,0
1945,0,0,0,0,0,0,0,0
1946,0,0,0,0,0,0,0,0
1947,0,0,0,0,0,0,0,0
1948,0,0,0,1,0,0,0,0
1949,1,0,0,0,0,0,0,1
1950,0,0,0,0,0,0,0,0
1951,1,1,1,1,1,1,1,1
1952,0,0,0,0,0,0,0,0
1953,0,0,0,0,0,0,0,0
1954,1,0,1,1,1,1,1,1
1955,0,0,0,0,0,0,0,0
1956,0,0,0,0,0,0,0,0
1957,0,0,0,0,0,0,0,0
1958,0,0,0,0,0,0,0,0
1959,0,0,0,1,0,0,0,0
1960,0,0,0,0,0,0,0,0
1961,0,0,0,0,0,0,0,0
1962,1,0,1,1,1,0,1,1
1963,1,0,0,0,0,0,0,1
1964,0,0,0,0,0,0,0,0
1965,0,0,1,1,1,1,0,0
1966,0,0,0,0,0,0,0,0
1967,1,0,0,0,1,0,1,1
1968,1,0,0,0,1,1,1,1
1969,0,0,0,0,0,0,0,0
1970,0,1,0,0,0,0,1,0
1971,1,0,0,0,0,0,1,1
1972,1,0,0,0,1,0,1,1
1973,0,0,0,0,0,0,0,0
1974,0,1,1,1,0,1,1,0
1975,0,0,0,1,0,0,0,0
1976,1,1,1,1,1,1,1,1
1977,1,0,0,1,0,1,1,1
1978,0,0,0,0,0,0,0,0
1979,0,0,0,1,1,0,0,0
1980,0,0,0,0,0,0,0,0
1981,1,0,0,1,1,1,1,1
1982,0,1,0,1,1,1,0,0
1983,0,0,0,0,0,1,1,0
1984,0,0,0,1,0,0,0,0
1985,1,0,1,1,1,1,1,1
1986,1,1,0,0,1,1,1,1
1987,1,1,1,1,1,0,1,1
1988,0,0,1,1,1,1,1,0
1989,1,0,1,1,1,1,0,1
1990,1,1,0,1,1,1,1,1
1991,0,0,0,0,0,0,0,0
1992,0,0,0,0,1,1,0,0
1993,1,0,0,0,1,1,1,1
1994,0,0,1,0,1,0,0,0
1995,1,0,0,0,0,0,1,1
1996,1,0,0,0,0,0,1,1
1997,1,1,1,0,0,0,0,1
1998,1,1,1,1,0,0,1,1
1999,1,0,0,1,0,1,1,1
2000,0,0,0,1,0,0,0,0
2001,1,0,0,0,1,1,1,1
2002,1,0,0,0,0,0,1,1
2003,1,1,0,0,1,1,1,1
2004,1,0,0,0,0,0,0,1
2005,1,0,0,0,1,1,1,1
2006,0,1,0,0,0,1,1,0
2007,0,0,0,0,0,0,0,0
2008,0,0,0,0,0,0,0,0
2009,0,0,0,0,0,0,0,0
2010,0,0,0,0,0,0,0,0
2011,1,0,0,1,1,1,1,1
2012,1,0,0,1,1,0,1,1
2013,0,0,0,0,0,0,0,0
2014,1,0,0,0,0,1,1,1
2015,0,0,0,0,0,0,0,0
2016,0,0,1,0,0,1,0,0
2017,1,0,0,1,1,1,1,1
2018,1,0,0,0,1,1,1,1
2019,0,1,0,0,0,0,1,0
2020,0,0,0,0,1,0,0,0
2021,1,1,1,1,1,1,1,1
2022,0,0,0,0,1,0,0,0
2023,0,0,0,0,0,0,0,0
2024,1,0,0,0,0,0,0,1
2025,0,0,0,0,0,0,0,0
2026,0,1,1,1,1,1,1,0
2027,0,0,0,0,0,0,0,0
2028,0,0,0,0,0,0,0,0
2029,0,1,1,1,0,0,0,0
2030,0,0,0,0,0,0,0,0
2031,0,0,0,0,0,0,0,0
2032,0,0,1,0,0,0,0,0
2033,0,0,0,0,0,0,0,0
2034,0,0,0,0,0,0,0,0
2035,1,1,1,1,1,1,1,1
2036,0,0,0,0,0,0,0,0
2037,0,0,0,0,0,0,0,0
2038,1,0,0,0,1,1,1,1
2039,0,0,0,0,0,0,0,0
2040,1,1,0,0,0,1,1,1
2041,0,0,0,0,0,0,0,0
2042,1,0,0,0,0,1,1,1
2043,0,0,0,0,0,0,0,0
2044,1,0,1,0,0,1,1,1
2045,0,1,0,0,1,1,1,0
2046,0,0,0,0,0,0,0,0
2047,0,1,0,0,0,0,0,0
2048,0,1,1,1,1,1,0,0
2049,1,1,0,1,1,0,0,1
2050,0,1,1,1,1,0,0,0
2051,0,1,0,0,0,0,0,0
2052,0,0,0,0,0,0,0,0
2053,1,1,1,1,0,1,1,1
2054,1,0,0,0,0,0,1,1
2055,1,0,0,1,1,0,1,1
2056,1,1,1,0,1,1,1,1
2057,1,1,1,1,1,1,1,1
2058,1,0,1,0,0,0,1,1
2059,0,0,0,0,0,0,0,0
2060,1,0,0,1,1,1,1,1
2061,0,0,0,0,0,0,0,0
2062,0,1,1,0,0,0,0,0
2063,0,0,0,0,0,0,0,0
2064,1,0,0,1,1,1,1,1
2065,1,0,1,0,1,1,1,1
2066,1,0,0,1,0,0,0,1
2067,1,0,0,0,1,0,1,1
2068,0,1,0,0,0,0,0,0
2069,1,1,1,1,1,1,1,1
2070,0,0,0,0,0,0,0,0
2071,0,0,0,0,0,0,0,0
2072,1,1,1,0,0,0,1,1
2073,1,0,0,0,0,1,0,1
2074,0,0,0,0,0,0,0,0
2075,0,0,0,0,0,0,0,0
2076,0,0,0,0,0,0,0,0
2077,0,0,0,0,0,0,0,0
2078,0,0,0,0,0,0,0,0
2079,0,0,0,0,0,0,0,0
2080,0,1,1,0,0,0,0,0
2081,0,0,0,0,1,0,0,0
2082,0,0,0,1,0,0,0,0
2083,0,0,0,0,0,0,0,0
2084,0,0,1,1,1,1,0,0
2085,1,1,1,1,0,1,1,1
2086,0,1,0,0,0,0,0,0
2087,1,1,1,0,1,0,1,1
2088,0,1,0,0,0,0,0,0
2089,1,1,1,1,1,1,1,1
2090,0,0,0,0,0,0,0,0
2091,1,1,1,1,1,0,1,1
2092,1,0,1,0,1,1,1,1
2093,1,0,1,0,1,1,1,1
2094,1,1,1,0,1,0,1,1
2095,1,1,1,1,0,0,0,1
2096,1,0,0,0,0,0,1,1
2097,1,0,0,1,1,1,1,1
2098,0,0,0,0,0,0,0,0
2099,0,0,0,0,0,0,0,0
2100,1,0,0,0,0,0,0,1
2101,0,0,0,0,0,0,0,0
2102,1,1,0,0,0,1,1,1
2103,1,0,0,0,0,1,0,1
2104,1,1,1,1,1,1,1,1
2105,0,0,0,1,1,0,0,0
2106,0,1,0,0,0,0,0,0
2107,0,0,0,0,0,0,0,0
2108,1,1,1,1,1,0,1,1
2109,1,1,1,1,1,1,1,1
2110,0,0,1,1,1,1,0,0
2111,0,0,0,0,0,0,0,0
2112,1,1,0,0,0,1,1,1
2113,0,0,0,0,0,0,0,0
2114,1,1,0,0,0,0,1,1
2115,1,1,1,1,0,1,0,1
2116,1,0,0,0,0,0,1,1
2117,1,1,1,1,1,1,1,1
2118,0,0,0,0,0,0,0,0
2119,1,0,0,1,1,1,1,1
2120,0,0,0,0,1,0,0,0
2121,0,0,0,0,0,0,0,0
2122,0,1,1,1,1,1,0,0
2123,0,0,0,0,0,0,0,0
2124,0,0,0,0,0,0,0,0
2125,0,0,0,0,0,0,0,0
2126,0,0,0,0,0,0,0,0
2127,1,1,1,1,1,1,1,1
2128,0,1,0,1,0,0,0,0
2129,0,0,1,0,0,0,0,0
2130,1,1,0,1,1,1,1,1
2131,1,0,0,0,0,0,1,1
2132,0,0,0,0,0,0,0,0
2133,1,0,0,0,0,0,0,1
2134,0,0,0,0,0,0,0,0
2135,1,0,0,0,1,1,1,1
2136,1,1,1,1,1,1,1,1
2137,0,1,1,1,0,1,1,0
2138,0,0,0,0,0,0,0,0
2139,1,0,0,0,0,0,0,1
2140,0,0,0,1,0,0,0,0
2141,1,1,1,1,1,0,1,1
2142,1,1,1,0,1,1,1,1
2143,0,0,0,0,0,0,0,0
2144,0,1,1,1,1,1,1,0
2145,1,1,1,1,1,1,1,1
2146,1,1,1,1,1,1,1,1
2147,0,1,0,1,1,0,0,0
2148,1,1,0,0,1,1,1,1
2149,0,0,0,0,0,0,0,0
2150,1,0,1,0,0,1,1,1
2151,0,0,1,0,0,1,0,0
2152,1,0,0,0,0,0,1,1
2153,1,0,0,0,0,0,0,1
2154,1,0,0,1,0,0,0,1
2155,1,1,1,1,1,0,0,1
2156,0,0,0,0,0,0,0,0
2157,0,0,0,1,1,1,0,0
2158,1,0,1,1,1,0,0,1
2159,1,0,1,1,1,1,1,1
2160,1,0,1,1,1,1,1,1
2161,1,1,1,1,1,1,0,1
2162,0,1,0,0,0,0,0,0
2163,0,0,0,0,0,0,0,0
2164,0,1,1,1,0,0,0,0
